p_pdb,q_pdb
1s3i_A,2cfi_A
1s3i_A,2bw0_A
3k9v_A,3k9v_B
2c23_A,2btp_A
2bq0_B,2c23_A
1k5h_A,1k5h_B
1q0q_A,2egh_A
1q0q_A,1jvs_A
1k5h_A,1q0q_A
1o98_A,2ify_A
1n9g_A,1n9g_C
1gu7_A,1guf_A
1h0k_A,1n9g_A
1h0k_A,1h0k_B
1n9g_D,1n9g_B
1n9g_B,1n9g_C
2vo4_A,3fhs_A
1u3p_A,1gx1_C
1h48_E,1h47_C
1h48_E,1h47_E
1ks9_A,1yjq_A
2ofp_B,1ks9_A
1ks9_A,2ofp_A
2ew2_A,2ew2_B
5uqo_A,5uqu_A
5uqo_A,5uqu_B
5uqo_A,6bol_A
5uqo_A,5uqr_A
5uqo_A,5uqr_B
5uqo_A,6bol_B
5buq_A,5bur_A
5buq_B,5bur_A
5buq_A,5buq_B
2hun_A,2hun_B
2a5a_A,1uk4_A
4in1_A,4inh_C
4in1_A,4inh_H
4in1_A,2iph_A
4in1_A,4inh_A
4in1_A,4inh_B
1uj1_B,1uk2_B
7joy_A,7joy_B
1uj1_A,1uk2_A
3vb3_A,3vb3_B
1nr5_A,1nua_A
1nva_A,1dqs_A
1nvf_A,1nua_A
1xah_A,1xag_A
1nrx_A,1dqs_A
1nva_A,1nvf_A
1nr5_A,1nrx_A
2xcu_A,2xci_C
2xcu_A,2xci_A
2xcu_C,2xci_C
2xci_A,2xcu_B
2xci_A,2xcu_C
2xci_B,2xcu_C
1h7e_A,1h7g_B
1vh3_C,1vh3_B
1gqc_A,1h7h_B
1vic_A,1vh3_B
1h7g_A,1h7g_B
2cvz_A,2cvz_D
7wnw_B,7wnn_B
1ipd_A,1a05_A
1xaa_A,1a05_A
1hex_A,1a05_A
2y3z_A,4f7i_A
1ipd_,1osj_A
1vjd_A,2wzb_A
13pk_A,1vjd_A
13pk_A,1php_A
1vjd_A,1hdi_A
1qpg_A,13pk_A
13pk_A,16pk_
13pk_A,1hdi_A
3roi_A,4gfp_A
2gg4_A,2gga_A
3roi_A,3slh_A
2gg4_A,2gg6_A
2gg4_A,2pqc_A
1ska_A,1skb_A
1ska_A,1sk9_A
2nww_B,3kbc_B
2nww_A,3kbc_A
2nww_B,2nwx_A
2nwx_A,2nww_A
2nwl_A,3kbc_A
1hpm_A,3d2f_B
1lwj_A,1lwh_A
3cw8_X,3cw9_A
3cw8_X,3cw9_B
5bsm_A,5bsr_A
1inj_A,1i52_A
5tek_A,5ugv_A
5tek_A,5tjy_A
5tej_A,5tej_B
5us6_A,5us6_D
4ywj_A,4ywj_B
4ly8_A,4m19_A
1r8k_A,1ps7_C
4epm_A,4ewv_A
1rf5_A,1rf4_A
1rf5_A,1rf6_A
4qqu_A,4l5z_A
4qqu_A,4l6h_A
1hpu_C,1ush_A
1oid_A,1hpu_A
1hp1_A,2ush_B
1oi8_A,1hpu_A
4h1y_P,4h2i_A
1ho5_A,1hp1_A
1ho5_A,1ush_A
1ho5_A,1oi8_A
1hpu_A,1oie_A
4h1s_A,4h2i_A
4h2g_A,4h2i_A
1hpu_C,1hp1_A
1hpu_C,2ush_B
4h2b_A,4h2i_A
4h2f_A,4h2i_A
1oi8_A,1oid_A
1ho5_A,1oid_A
1oid_B,1ho5_A
6xue_A,4h2i_A
1hpu_A,1hp1_A
1xck_A,1sx4_A
1sjp_A,1sjp_B
1hka_,1q0n_A
1hka_A,1q0n_A
3uqd_D,3uqd_B
3fwn_B,2zyd_B
3fwn_B,2zya_A
3fwn_B,2zyd_A
2zyd_A,2zyd_B
3fwn_A,2zyd_B
2zya_B,2zyd_A
2zya_A,2zyd_B
3fwn_A,2zya_B
3fwn_B,3fwn_A
2zya_A,2zya_B
7xr5_B,7xe8_A
2vn1_A,3ihz_A
1ck7_A,1gxd_A
2ex0_B,2ihz_A
2a4n_A,2a4n_B
2i13_A,2i13_B
3hvp_,4hvp_A
1oxs_C,1oxt_A
3oo6_A,3oo7_A
3ooa_A,3oo6_A
4qfk_A,4qfl_A
6jal_A,6j9w_A
6jal_A,6jam_A
4ra1_A,4ze8_A
3ip5_A,3ip6_A
3ip5_A,3ipc_A
3ip5_A,3ipa_A
3ip5_A,3ip9_A
4eq7_A,4euo_A
4r72_A,4r73_A
6hhb_A,6fjl_A
4prs_B,4psh_A
4psh_A,4prs_A
3k01_A,3k00_A
3k01_A,3jzj_A
3k01_A,3k02_A
1g99_A,1tuu_B
1g99_A,1g99_B
1ozh_A,1ozh_B
1ozg_A,1ozg_B
1ozf_A,1ozf_B
1ozh_A,1ozf_A
1i9b_A,1i9b_B
1ry2_A,1pg4_A
2wxb_A,2wxb_B
2wxb_B,1gs5_A
2wxb_A,1gs5_A
1oha_A,1gs5_A
1oha_A,2wxb_A
1oha_A,2wxb_B
2rd5_A,2rd5_B
3app_,2web_A
3app_,2wea_A
3app_,4ape_
2qts_A,4fz0_A
2qts_A,4fz1_A
2qts_B,4fz0_B
4fz0_A,3hgc_A
8acn_A,5acn_A
8acn_,5acn_
2dhh_A,2dhh_B
2dhh_B,2dhh_C
2dr6_A,2dr6_B
2gif_A,2gif_C
4dx7_A,4dx7_B
4dx5_A,4dx5_B
2zwh_A,1j6z_A
1atn_A,2zwh_A
2zwh_A,1esv_A
3hbt_A,3lue_A
3hbt_A,8a2t_A
3hbt_A,2zwh_A
2hf4_A,2q36_A
2hf4_A,1nwk_A
2hf3_A,3daw_A
1t44_A,2ff3_B
2hf3_A,1hlu_A
2hf3_A,3ub5_A
3b5u_I,3j0s_I
2fxu_A,2hf4_A
2pav_A,8a2r_C
2fxu_A,1nwk_A
2pav_A,1nwk_A
2v52_B,8a2r_C
1d4x_A,1j6z_A
1ijj_A,2zwh_A
1qz6_A,1nwk_A
3ub5_A,3chw_A
3ub5_A,2pav_A
3ub5_A,3u4l_A
3ub5_A,1j6z_A
3u4l_A,3chw_A
2p9l_A,2p9k_A
2p9l_A,2p9s_A
2p9n_A,2p9p_A
1u2v_A,1tyq_A
2p9l_A,2p9u_A
2p9l_A,2p9p_A
2p9l_A,2p9i_A
1k8k_A,2p9u_A
1k8k_A,1u2v_A
1k8k_A,2p9p_A
1k8k_A,1k8k_C
1k8k_A,1tyq_A
3o4j_A,3o4j_B
3o4j_C,3o4j_D
1rx0_A,1rx0_C
3c5e_A,2wd9_A
3b7w_A,3c5e_A
1w1i_E,2ada_
2ada_,1uw6_A
2i6a_A,2i6b_A
1lio_A,1lik_A
1lij_A,1lio_A
1lio_A,1lii_A
3x2e_B,3x2f_A
5tow_A,3x2f_A
5tow_A,3x2e_A
3x2e_A,3x2f_B
3x2f_A,3x2e_D
3x2e_A,3x2f_A
3x2f_A,3x2e_C
3gvp_B,1b3r_A
1qiu_B,1qiu_E
1cjk_A,2gvd_A
4ake_A,1zin_
4ake_A,1aky_
2eck_B,4ake_A
2eck_A,4ake_A
1dvr_A,4ake_A
4ake_A,3aky_
1nks_A,1nks_C
4ake_B,1dvr_B
4ake_A,2aky_
2eck_A,4ake_B
1ak2_,4ake_B
4ake_A,1ake_A
1dvr_B,1ak2_
1nks_F,1nks_A
1ak2_,1ank_A
1ake_A,1ank_A
2eck_A,1ak2_
1zak_A,4ake_A
1zak_A,1zin_
1ak2_,4ake_A
2rgx_A,2rh5_A
2rh5_B,2rgx_A
1kht_A,1kht_C
1dvr_A,2rgx_A
2eck_B,4ake_B
2aky_,3aky_
2rgx_A,2rh5_C
2rgx_A,2rh5_C
1p3j_A,4ake_A
1zio_,4ake_A
1ake_A,4ake_B
1kht_A,1kht_B
1zip_,1ake_A
1zip_,4ake_A
1s3g_A,4ake_A
1zio_,1ake_A
2eck_A,2ak3_A
2bbw_A,2bbw_B
1ank_B,4ake_A
1ank_A,1zin_
1ank_A,4ake_A
1ake_B,4ake_A
2ak2_,2rh5_A
2ak2_,1ak2_
2ak2_,2c9y_A
2ak2_,4ake_A
2ak3_A,1aky_
2ak3_A,2eck_B
2ak3_A,1ak2_
1j4b_A,1iwe_A
1hoo_B,1cg0_A
1k04_A,1k05_A
1k04_A,1ow6_B
1gc5_A,1ua4_A
4b8r_A,1gc5_A
4b8s_A,1gc5_A
4b8s_A,4b8r_A
1r8s_A,1r8q_A
1e0s_A,2j5x_A
1r12_A,3i9j_A
1u2x_A,3drw_A
3c0m_A,3c0m_B
3c0m_A,3c0n_A
3c0n_A,3c0n_B
3og7_A,3og7_B
3og7_A,1uwh_A
3og7_A,4rzv_A
2vhx_A,2vhx_F
2eez_A,2eez_C
1ju9_B,1mg0_C
1ju9_B,1ee2_B
1adg_A,2ohx_B
1ju9_B,1hld_B
1adg_A,1agn_A
1ju9_B,2ohx_A
1qlh_A,1axe_A
1cdo_A,1cdo_B
4w6z_A,4w6z_B
4w6z_C,4w6z_D
2hcy_A,2hcy_B
1teh_A,1mc5_A
1n8k_A,1ye3_A
1ju9_A,1hld_A
1n8k_A,1ju9_A
4dxh_A,1ye3_A
1het_A,7adh_
7adh_,1axg_B
1het_A,8adh_
2ohx_A,1ju9_A
2ohx_A,1adg_
2ohx_A,1adg_A
8adh_,1axe_A
8adh_,1a71_A
8adh_,1ee2_A
2ohx_A,8adh_
8adh_,1axg_B
1xgd_A,1ef3_A
1ef3_B,1xgd_A
1y3n_A,1y3q_A
1y3p_A,1y3q_A
1hyu_A,4xvg_A
3mml_F,3mml_H
3mml_D,3mml_F
3mml_D,3mml_H
3mml_B,3mml_D
2nzw_A,2nzy_A
2nzw_A,2nzy_B
2nzx_A,2nzy_B
2nzw_A,2nzx_B
2nzw_A,2nzx_A
5io1_A,3t1p_A
2ii6_A,2ilv_A
3b97_A,2xsx_A
2ffa_A,2fgj_A
1otj_D,1gy9_A
2vrq_A,2vrq_B
4xsr_A,4xso_A
1pea_,1qo0_A
1pea_A,1qo0_A
7zbo_A,7zbo_D
7zbo_C,7zbo_D
3vv5_A,3vve_A
4nqr_A,4rdc_A
3e4f_A,3ijw_A
1qo0_E,1qo0_D
1jlu_E,1cmk_E
1cmk_E,1cdk_A
1cwy_A,2owx_A
1esw_A,2owx_A
5tuj_C,5t0w_A
1ki0_A,2doi_X
1ki0_A,2doh_X
3nxq_A,3nxq_B
6m17_B,6m1d_B
6m17_D,6m1d_D
1r4l_A,1r42_A
3qbw_A,3qbx_A
1axn_,1aii_
1axn_,2ran_
1khd_B,1khd_D
1khd_A,1khd_D
1o17_B,1o17_C
2elc_B,2elc_D
2elc_A,2elc_C
2elc_A,2elc_B
1khd_C,1khd_D
1o17_A,1o17_C
1khd_A,1khd_B
1o17_A,1o17_D
2gvq_A,2gvq_C
2gvq_A,2gvq_D
2gvq_A,1o17_C
2gvq_A,1o17_D
1khd_D,1kgz_A
1vqu_A,1vqu_B
1acc_,1t6b_X
1t6b_X,1acc_A
2aju_H,2ajx_H
1jgu_L,1baf_L
1gpo_L,1acy_L
1gpo_L,1keg_L
1tji_H,2p8m_B
1azx_L,1t1f_A
1azx_L,1t1f_C
1t1f_A,1nq9_L
1t1f_A,1nq9_I
2icp_A,2ict_A
1b7u_A,1b1x_A
1av1_D,1av1_A
2ou1_B,1l6l_2
1l6l_D,1l6l_K
2ou1_A,1l6l_6
5wve_A,3sfz_A
2p0m_A,2p0m_B
6ky2_A,1rl9_A
3m10_A,1bg0_A
6ky2_A,5j99_A
6ky2_A,4bhl_A
6ky2_A,1sd0_A
6ky2_A,1p52_A
6ky2_A,5j9a_A
1m80_A,1rl9_A
1m15_A,3m10_B
1m15_A,1m80_A
1m15_A,3m10_A
6ky2_A,1m15_A
6ky2_A,1bg0_A
3m10_A,5j99_A
6ky2_A,4gvz_A
1kh1_B,1kh2_D
1kp3_A,1k92_A
1f7v_A,1bs2_A
3hk2_A,3f73_A
3hjf_A,3dlb_A
3f73_A,3dlb_A
3f73_A,3hm9_A
1pbv_A,1r8s_E
1pbv_A,1r8q_E
1b6b_B,1cjw_A
7xi3_A,7xi4_A
1ivr_A,9aat_A
1asm_A,1ars_A
1asm_B,1ars_A
1ars_A,1art_A
1yoo_A,1asn_A
1ars_A,1yoo_A
1asn_A,1asm_A
1art_A,1asn_A
1art_A,1asn_B
1yoo_A,1asn_B
1oxo_A,1oxp_
1asm_B,1asn_B
1ahe_A,9aat_A
1ahe_A,1ars_
1arg_A,9aat_A
1oxp_,9aat_A
1asl_B,1ars_A
1asm_B,1asn_A
1asm_A,1asn_B
1asl_B,1asn_B
1asl_B,1asn_A
1ajs_A,1ajr_A
1asl_A,1ars_A
1ajr_B,1ajs_A
1asl_A,1asn_A
1bkg_A,1bjw_A
1oxo_A,1oxp_A
1asl_A,1asn_B
1x28_A,1ars_A
1ajs_A,1ajs_B
9aat_A,2cst_A
1ase_,1ars_
1amq_,1amr_
1ama_,9aat_A
1amr_,9aat_A
1art_,1ars_
1ars_,1amr_
9aat_A,1ama_A
2gyy_B,2gz1_B
2gyy_A,2gz1_A
2gz1_A,2gz3_B
1gq3_A,1d09_A
3r7l_A,3r7d_A
1gq3_A,1gq3_C
1gq3_C,1gq3_B
8atc_D,5at1_D
8atc_A,5at1_A
6at1_A,1d09_A
1d09_A,1za1_A
1za1_A,1q95_A
1f1b_C,1ezz_C
1q95_A,9atc_A
1f1b_A,1ezz_A
1at1_A,1raa_A
1at1_D,1raa_D
1d09_B,1za1_B
1f1b_D,1ezz_D
1gl3_A,1brm_A
1mc4_A,1mb4_B
1gl3_B,1brm_B
2dt9_B,2zho_B
3tvi_B,3tvi_A
2dt9_B,2zho_F
1eqr_A,1eqr_C
1eqr_A,1eqr_B
1il2_A,1il2_B
1l0w_B,1g51_A
1c0a_A,1eqr_A
1c0a_A,1eqr_B
3nel_A,3nem_B
1eov_A,1asy_A
1g51_B,1efw_A
1efw_A,1l0w_A
1g51_A,1efw_A
5jxk_B,5jwi_A
5jxk_B,5jwg_A
5jxk_A,5jwi_B
5jxk_A,5jwg_A
5jxk_A,5jwi_A
5jxk_B,5jwi_B
5jwf_A,5jwi_A
7bsu_A,7bsv_A
1gmj_A,1gmj_B
1gmj_A,1gmj_D
1gmj_B,1gmj_C
1gmj_B,1gmj_D
1gmj_A,1gmj_C
6a6n_A,6a6m_A
4ayw_A,4ayt_A
6qcl_A,6hxn_A
3hws_A,3hte_D
3hws_A,3hws_B
3hws_A,3hws_D
3hws_A,3hws_E
3hws_B,3hws_C
3hws_A,3hte_A
3hws_A,3hte_B
3hws_C,3hte_C
3hws_A,3hte_E
3hws_C,3hte_F
2v1x_A,2wwy_A
1qg4_A,1k5d_A
1yyf_A,1yyf_B
1im2_A,1qg4_A
1qg4_A,1rrp_A
1g3i_A,1do2_B
1iy0_A,4ww0_B
1iy0_A,2cea_E
1iy0_A,2cea_F
1iy0_A,4ww0_A
1iy0_A,4ww0_C
1j3b_B,2pc9_B
2i4i_A,5e7j_A
4pxa_A,2i4i_A
5e7i_A,2i4i_A
5e7i_A,5e7j_A
3tmi_A,4a2w_A
5ooq_A,4u4c_A
4qu4_A,4u4c_A
5ooq_B,2xgj_A
6ieg_A,6ieh_B
4u4c_A,6ieg_A
4u4c_A,6ieh_B
5ooq_B,6ieh_B
4qu4_A,6ieg_A
4qu4_A,6ieh_B
2xgj_B,4u4c_A
4qu4_A,2xgj_A
4qu4_A,2xgj_B
4u4c_A,2xgj_A
5ooq_B,4u4c_A
2vso_A,2j0s_A
2vso_A,2j0u_A
1yrb_B,1yr6_A
7wgm_A,6fcc_A
1nh8_A,1nh7_A
1i2d_B,1m8p_B
1i2d_A,1m8p_A
1aqt_A,1fs0_E
2hld_C,1h8e_C
1e79_E,1e79_D
2hld_E,1h8e_D
2hld_E,1h8e_E
2hld_E,2hld_F
2hld_E,1h8e_F
2hld_F,1h8e_E
2hld_D,1h8e_E
1w0j_E,1e1r_F
1w0j_G,2jdi_G
1h8e_E,1h8e_F
1h8e_D,1h8e_F
1h8e_E,1e1q_E
1h8e_E,1e1q_F
1h8e_D,1h8e_E
1h8e_E,1bmf_F
1h8e_D,2jiz_L
5ara_E,5ari_E
5are_E,5fil_E
5are_E,5ari_E
5ara_D,5fik_D
5ara_E,5fik_E
5fij_F,5fik_F
5fij_E,5fik_E
5fij_D,5fik_D
5fil_D,5arh_D
5fil_F,5arh_F
5fil_E,5ara_E
5fil_D,5ara_D
5ara_F,5arh_F
5ara_E,5arh_E
1jdn_A,1jdp_A
2dt5_A,3ikt_A
1xcb_A,3ikt_A
2dt5_A,3ikt_B
1xcb_A,1xcb_B
5xwy_A,5xwp_A
2hj9_A,1zhh_A
1jx6_A,1zhh_A
1zhh_A,2hje_A
2hje_A,2hj9_A
4pia_A,6fxo_A
6fxo_A,6fxp_A
4tnw_B,4tnv_B
3rhw_A,4tnv_A
4tnw_A,4tnv_A
1ehk_A,2ify_A
2ify_A,4my4_A
1w8n_A,1eut_A
1eut_A,1w8o_A
2bzd_A,2bzd_C
1w8n_A,2bzd_A
1eut_A,2ber_A
1bp1_A,2ewf_A
1msw_D,1s76_D
1qln_A,1msw_D
1qln_A,1aro_P
4o01_A,4o0p_A
4q0j_A,5c5k_A
5i5l_A,5hsq_A
1yvs_A,1b20_A
1yvs_A,1b20_C
1brs_B,1yvs_A
1brn_L,1yvs_
1brn_L,1yvs_A
3gqi_A,7yc1_A
3gqi_A,4uxq_A
3gqi_A,7yc3_A
3gqi_A,3gql_A
3gqi_A,4j99_A
3gqi_A,4j95_B
3gqi_A,6nvi_A
3gqi_A,6p69_A
3gqi_A,3ky2_A
3kxx_D,5vnd_B
3gqi_A,7wcx_A
3gqi_A,7vjl_A
3gqi_A,7v29_B
3gqi_A,5nud_B
3gqi_A,4xcu_A
3gqi_A,5flf_E
3gqi_A,6p69_B
3gqi_A,3gql_C
3gqi_A,6nvg_A
3gqi_A,6nvl_B
3gqi_A,5vnd_B
3gqi_A,8e1x_B
3gqi_A,5flf_C
3gqi_A,4qqj_A
3gqi_A,4qrc_A
3gqi_A,4r6v_A
3gqi_A,6nvh_A
3gqi_A,7ybo_A
3gqi_A,7wct_A
3gqi_A,7vjl_B
3gqi_A,7v29_A
3gqi_A,7f3m_A
3gqi_A,7dtz_A
3gqi_A,6nvj_A
3gqi_A,6nvk_A
7dhl_A,8e1x_B
3gqi_A,4qqt_A
3gqi_A,7dhl_A
3gqi_A,6pnx_B
3gqi_A,6pnx_A
3gqi_A,5am7_A
3gqi_A,6c1o_B
3gqi_A,6p68_C
3gqi_A,6p68_B
3gqi_A,3gql_B
3gqi_A,7ybx_A
3gqi_A,7wcw_A
1w33_A,4bl4_A
1w33_B,4bl4_B
6vbu_1,6vbv_1
1w61_A,1w62_B
2v7b_A,4eat_A
3fzn_A,1pi3_A
4gm0_A,4mpp_A
1bfd_A,4mpp_A
4k9k_A,3fzn_A
1bfd_A,4gm0_A
1pi3_A,3f6b_X
3fzn_A,2fwn_A
3f6b_X,4mpp_A
4gm0_A,5dgd_A
1bfd_A,5dgd_A
2fwn_A,4gm0_A
1pi3_A,4gm0_A
1bfd_A,1pi3_A
1pi3_A,4gg1_A
4gg1_A,4mpp_A
2fwn_A,3f6b_X
2fwn_A,4gg1_A
1pi3_A,2fwn_A
1bfd_A,4gg1_A
4k9k_A,4mpp_A
3f6b_X,5dgd_A
4k9k_A,5dgd_A
3f6b_X,4gm0_A
3fzn_A,5dgd_A
4yei_B,3du1_X
6kr8_A,3p0g_A
6kr8_A,3nya_A
6kr8_A,3ny8_A
1j6z_A,4cbx_A
1j6z_A,3mfp_A
1j6z_A,1sqk_A
1nwk_A,1nmd_A
1j6z_A,1t44_A
1j6z_A,8f8p_A
1j6z_A,1lcu_A
1j6z_A,1yvn_A
1j6z_A,1nlv_A
1j6z_A,2oan_A
1j6z_A,2a5x_A
1hlu_A,1mdu_E
1nwk_A,2zwh_A
1nwk_A,1d4x_A
1j6z_A,6bno_C
1j6z_A,2hf3_A
1j6z_A,3j8a_A
1hlu_A,1j6z_A
1j6z_A,8iah_A
1j6z_A,4a7n_A
1j6z_A,1qz6_A
1j6z_A,8d13_A
1j6z_A,1c0f_A
1j6z_A,2q36_A
1j6z_A,3sjh_A
1j6z_A,4b1v_A
1j6z_A,3u8x_A
1hlu_A,3daw_A
1j6z_A,1yxq_A
1j6z_A,2a41_A
1nwk_A,1esv_A
1j6z_A,2ff3_B
1nwk_A,3mfp_A
1j6z_A,3mn5_A
1hlu_A,1nwk_A
2btf_A,1nwk_A
1veo_A,1j18_A
1g4m_A,4jqi_A
4jqi_A,3p2d_A
5tv1_A,3p2d_A
1blb_D,2bb2_A
1i7x_A,1i7w_A
1i7x_A,1i7x_C
1i7w_A,1i7w_C
3bct_A,1qz7_A
1jdh_A,2gl7_A
1jz8_A,1jz8_D
1jz8_A,1jz8_C
3l6g_A,3l6h_A
5van_A,5vaq_A
5vaq_A,6nfj_A
5van_A,6nfj_A
4y0o_A,4y0u_A
4jf6_A,4jf4_A
2wf5_A,6h8y_A
2wf5_A,6h8v_B
6hdh_B,2wf9_A
2wf5_A,6h8u_A
2wf5_A,5olw_A
2whe_A,6hdi_B
6hdf_B,6h93_B
6hdh_A,6hdl_A
2wf5_A,5ok0_A
6hdi_A,6h93_B
1lvh_B,1o08_A
2wf5_A,3fm9_A
2wf5_A,6h8w_A
6h93_B,2wf9_A
2wf5_A,6qzg_A
6hdf_B,6hdm_A
6hdh_A,6h93_B
2whe_A,6hdh_B
6hdh_A,6hdi_B
6hdf_B,2wf8_A
6hdi_A,6hdh_B
6hdf_A,2wf9_A
6h93_A,6hdj_A
2whe_A,5ok1_A
2wf5_A,6h90_A
2wf5_A,6h93_B
2wf5_A,1z4n_B
6hdf_B,6hdj_A
2wf5_A,1lvh_B
1zol_A,1o08_A
6hdf_B,6hdi_B
2wf5_A,6hdi_B
2wf5_A,6h8x_B
6hdf_B,2wf9_A
2wf5_A,1zol_A
2whe_A,6ydl_A
6hdf_B,6hdh_B
2wfa_A,2wf5_A
6hdi_A,6hdg_A
6h93_A,2wf9_A
6hdi_A,6hdj_A
2wf5_A,1lvh_A
6hdi_A,2wf9_A
2wfa_A,2wf9_A
2whe_A,6hdf_A
6h93_A,2wf5_A
6h93_A,6hdm_A
2wf5_A,6ydm_A
2wf5_A,5ojz_A
6hdh_A,2wf9_A
2wf5_A,5olw_B
6h93_A,5ok0_A
6hdh_A,5ok1_A
6hdh_A,2wf8_A
2wf5_A,6ydl_A
6h93_A,5ok1_A
6hdi_A,2wf5_A
2whe_A,6hdf_B
2wf5_A,6h8v_A
2wf5_A,6h91_A
2whe_A,6hdh_A
2whe_A,2wf9_A
6h93_A,6h93_B
6hdi_A,6hdl_A
6hdi_A,6hdk_A
6hdh_A,6hdm_A
1zol_A,2wf9_A
6h93_A,2wf6_A
2wf5_A,6h91_B
6hdi_A,2wf6_A
6hdi_A,6hdm_A
6hdh_A,2wf5_A
2wf5_A,6h8x_A
2wf5_A,5oly_G
2wf5_A,5o6p_A
2wf5_A,5ok1_A
2wf5_A,6qzg_B
6hdi_A,2wf8_A
1zol_A,1z4n_A
1zol_A,1z4n_B
6hdi_A,5ok1_A
6hdh_A,6hdj_A
2wf5_A,6hdh_B
3nas_A,3nas_B
1zol_A,2wf6_A
1zol_A,6hdk_A
1zol_A,6hdm_A
1zol_A,2wf8_A
1zol_A,5ok0_A
2whe_A,6h93_B
1zol_A,5ok1_A
1zol_A,6hdg_A
1zol_A,6hdi_B
1zol_A,6hdl_A
6h93_B,6hdl_A
1zol_A,6ydj_A
2wf5_A,2whe_A
5ok1_A,6hdl_A
1zol_A,1o03_A
2whe_A,6hdi_A
6hdf_A,6hdh_B
2whe_A,6h93_A
2whe_A,6ydj_A
6hdf_A,6hdg_A
2whe_A,6hdm_A
1zol_A,6hdh_B
1lvh_A,1o08_A
1zol_A,1lvh_A
2whe_A,5ok0_A
2whe_A,2wf8_A
2whe_A,6hdl_A
1zol_A,6h93_B
2whe_A,6hdk_A
6hdh_A,6hdh_B
2wf8_A,2wf9_A
2whe_A,2wf6_A
1zol_A,6hdf_A
1z4o_B,1lvh_B
6hdf_B,2wf5_A
2whe_A,6hdg_A
6hdf_A,6h93_B
1zol_A,6hdf_B
1zol_A,6h93_A
1zol_A,6hdi_A
1zol_A,6hdh_A
6hdf_B,6hdk_A
2whe_A,6hdj_A
6h93_A,6hdk_A
6h93_A,6hdi_B
6hdf_B,5ok0_A
6hdf_B,5ok1_A
6h93_A,6hdh_B
6hdf_B,6hdf_A
6h93_A,6hdl_A
6h93_A,2wf8_A
6hdi_A,5ok0_A
6hdi_A,6hdi_B
6hdi_A,6hdf_A
6hdh_A,6hdf_B
6h93_A,6hdf_A
6h93_A,6hdf_B
6hdh_A,5ok0_A
6hdh_A,6hdg_A
6hdh_A,2wf6_A
6hdh_A,6hdk_A
6hdg_A,2wf9_A
6hdk_A,2wf9_A
6hdj_A,2wf9_A
2wf5_A,1z4n_A
6hdi_B,2wf9_A
2wf6_A,2wf9_A
2wf5_A,1z4o_B
2wf5_A,6ydm_B
6hdm_A,2wf9_A
2wf5_A,6ydk_A
6h93_A,6hdg_A
5ok0_A,2wf9_A
2wf5_A,2wf9_A
6hdf_B,6hdg_A
6hdf_B,2wf6_A
6hdl_A,2wf9_A
2wf5_A,6hdf_A
6hdf_B,6hdl_A
2wf5_A,5o6r_A
5ok1_A,2wf9_A
6hdh_A,6hdf_A
1zol_A,1z4o_A
2wf5_A,6h94_A
1zol_A,1z4o_B
6hdi_A,6hdf_B
1zol_A,6hdj_A
1sgz_A,2g94_A
1sgz_A,2p4j_A
2ohs_A,2g94_A
2fdp_C,2ohr_A
2h2q_A,3hbb_A
4kf2_A,3psx_A
4kf2_A,3m4v_B
4kf2_A,3m4v_A
4kf2_A,3kx5_B
4kf2_A,3kx5_A
4kf2_A,3kx4_B
4kf2_A,3kx4_A
4kf2_A,3hf2_B
4kf2_A,1yqp_A
4kf2_A,1zo4_B
4kf2_A,3kx3_B
4kf2_A,3ben_A
4kf2_A,2x80_A
4kf2_A,2x7y_A
4kf2_A,2uwh_B
4kf2_A,2nnb_A
4kf2_A,2j4s_A
4kf2_A,2j1m_A
4kf2_A,2ij4_A
4kf2_A,2ij3_B
4kf2_A,2ij2_A
4kf2_A,1zoa_A
4kf2_A,1zo9_A
4kf2_A,1zo4_A
4kf2_A,3kx3_A
4kf2_A,3hf2_A
4kf2_A,3ekf_A
4kf2_A,3ekd_A
4kf2_A,1zo9_B
4kf2_A,1zoa_B
4kf2_A,3ekb_A
4kf2_A,3dgi_A
4kf2_A,3cbd_A
4kf2_A,2x80_B
4kf2_A,2x7y_B
4kf2_A,2uwh_A
4kf2_A,1bu7_A
4kf2_A,4o4p_A
4kf2_A,2nnb_B
4kf2_A,4hgh_A
4kf2_A,4hgg_A
4kf2_A,2j4s_B
4kf2_A,2j1m_B
4kf2_A,2ij4_B
4kf2_A,2ij3_A
4kf2_A,1bu7_B
4kf2_A,2ij2_B
4kf2_A,4hgf_A
4key_A,4kf0_B
4key_A,4hgf_B
4key_A,4hgf_A
4kf2_A,4kpb_B
4kf2_A,4h24_B
4kf2_A,3wsp_B
4kf2_A,3qi8_B
4kf2_A,4kf0_A
4kf2_A,3npl_B
4kf2_A,2hpd_A
4kf2_A,2bmh_B
4kf2_A,1jpz_B
4kf2_A,4kew_A
4kf2_A,1bvy_A
4kf2_A,5dyz_A
4kf2_A,4rsn_B
4kf2_A,4o4p_B
4kf2_A,4kew_B
4kf2_A,4hgj_B
4kf2_A,4hgi_B
4kf2_A,4hgh_B
4kf2_A,1jme_A
4kf2_A,4duf_B
4kf2_A,1jme_B
4kf2_A,1p0v_A
4kf2_A,1p0v_B
4kf2_A,1p0w_A
4kf2_A,1p0w_B
4key_A,4kf0_A
4kf2_A,4wg2_A
4kf2_A,1p0x_A
4kf2_A,4kpa_A
4kf2_A,1p0x_B
4kf2_A,4h24_A
4kf2_A,4h23_A
4kf2_A,3wsp_A
4kf2_A,1smi_A
4kf2_A,1smi_B
4kf2_A,3npl_A
4kf2_A,2bmh_A
4kf2_A,1fah_B
4kf2_A,1fag_B
4kf2_A,1bvy_B
4kf2_A,5dyz_C
4kf2_A,5dyp_C
4kf2_A,4key_A
4kf2_A,4key_B
4kf2_A,4kf2_B
4kf2_A,1smj_A
4kf2_A,5e9z_A
4kf2_A,4hgj_A
4kf2_A,5e9z_B
4kf2_A,1smj_B
4kf2_A,1yqo_A
4kf2_A,1yqo_B
4key_A,4kf2_B
4key_A,4hgh_B
4key_A,4hgg_B
4key_A,4hgg_A
4kf2_A,1yqp_B
4kf2_A,4hgi_A
4kf2_A,4wg2_B
4kf2_A,4hgg_B
4kf2_A,4kpb_A
4kf2_A,3ben_B
4kf2_A,4h23_B
4kf2_A,3qi8_A
4kf2_A,2hpd_B
4kf2_A,3cbd_B
4kf2_A,4hgf_B
4kf2_A,4duf_A
4kf2_A,4due_B
4kf2_A,4due_A
4kf2_A,4dud_B
4kf2_A,1jpz_A
4kf2_A,1fah_A
4kf2_A,4dud_A
4kf2_A,1fag_A
4kf2_A,5e9z_C
4kf2_A,4duc_B
4kf2_A,5dyp_A
4kf2_A,4rsn_A
4kf2_A,3dgi_B
4kf2_A,4duc_A
4kf2_A,3ekb_B
4kf2_A,3ekd_B
4kf2_A,5e9z_D
4kf2_A,4dub_B
4kf2_A,4dub_A
4kf2_A,4dua_B
4kf2_A,4dua_A
4kf2_A,4du2_B
4kf2_A,4du2_A
4kf2_A,4dtz_B
4kf2_A,4dtz_A
4kf2_A,3ekf_B
4kf2_A,4dty_B
4kf2_A,4dty_A
4kf2_A,4dtw_B
4kf2_A,4dtw_A
4kf2_A,3psx_B
1zcz_B,1zcz_A
3eo3_A,2yhy_A
5dvf_A,5dvj_A
5dvi_A,5dvf_A
1bnc_A,1dv2_B
1bnc_A,1dv2_A
2cgh_A,2cgh_B
1bib_A,2ewn_B
2ewn_A,1bib_A
2hhj_A,2hhj_B
3nfy_A,2hhj_A
3nfy_A,1t8p_A
2h4z_A,2h4z_B
2h4x_A,2h4x_B
2h4z_B,3nfy_B
2h4x_B,3nfy_B
2h4z_A,3nfy_A
2h4x_A,3nfy_A
3v0a_A,3v0c_A
1jsy_A,4jqi_A
1h8h_D,1h8h_E
1e79_G,1h8e_G
1h8e_A,1h8e_B
1bmf_D,1bmf_F
1bmf_A,1bmf_B
1bmf_E,1bmf_F
1h8h_A,1h8h_B
1e1q_G,1h8e_G
1h8h_C,1h8e_A
1bmf_D,1bmf_E
1e1q_A,1e79_A
1e79_A,1e79_B
1bmf_D,1h8e_E
1bmf_A,1e79_A
1h8h_E,1h8e_E
1e1q_G,1e79_G
1h8h_G,1h8e_G
1bmf_E,1h8e_E
1h8h_E,1h8h_F
1h8h_E,1mab_B
1bmf_E,1h8e_D
1bmf_D,1h8e_F
5uja_A,5uj9_A
1uwh_A,1uwh_B
3c4d_A,3c4d_B
1uwh_A,3c4c_A
3c4c_A,3c4c_B
1wwb_X,1bwn_B
3mxf_A,3p5o_A
1knv_A,1knv_B
1sdo_A,1vrr_A
3drx_A,3dry_A
2b39_A,2b39_B
4apx_A,2whv_A
4apx_A,2wcp_A
6jgw_A,6jgx_A
1kyw_C,1kyw_F
4pgh_C,4pgg_A
3p9c_A,3p9i_C
4pgg_A,4pgg_B
1g6o_B,1nlz_B
1nlz_A,1nlz_B
1nlz_A,1nlz_F
1nlz_A,1nlz_E
1nlz_A,1nlz_D
1nlz_A,1nlz_C
1g6o_A,1nlz_A
1nlz_A,1opx_A
1nlz_B,1opx_A
1nlz_A,1opx_B
1nlz_A,1nly_B
4icb_A,1ht9_A
4icb_,1ht9_A
2v7o_A,2vn9_A
2fy8_A,2fy8_B
2fy8_G,2fy8_H
2fy8_A,2aem_A
2fy8_A,2aej_A
2fy8_B,2aej_A
2aef_A,2fy8_C
2fy8_A,2fy8_H
2aef_A,2fy8_B
2fy8_B,2fy8_H
2aef_A,2fy8_A
2aej_B,2aef_B
2aej_A,2aef_B
2fy8_A,3rbz_A
2aem_A,2aej_A
2fy8_A,2fy8_G
2fy8_H,2aem_A
3otg_A,3oth_A
5k8q_A,2fot_A
1qx5_Y,1cll_A
1qx5_R,1cll_A
1g4y_R,2bcx_A
1cdm_A,1prw_A
1k90_D,1ooj_A
1a29_A,1ahr_A
1cll_A,1k93_F
4djc_A,1cll_A
1g4y_R,1k90_D
1cll_A,3bxl_A
1cll_A,5j8h_A
1cll_A,1sy9_A
3cln_A,1qs7_A
3cln_A,1lin_A
3cln_A,1prw_A
1cll_A,1cfd_A
5k8q_A,1cdl_A
5sy1_C,1cdl_A
5sy1_C,5k8q_A
5k8q_A,4zlk_B
5k8q_A,6b8l_F
5k8q_A,3evr_A
5k8q_A,2f3y_A
5k8q_A,1y6w_A
5k8q_A,2bcx_A
5k8q_A,1iwq_A
5k8q_A,1l7z_A
5k8q_A,1mxe_B
5k8q_A,1nwd_A
5k8q_A,1sy9_A
5k8q_A,1xfw_O
5k8q_A,1yr5_A
5k8q_A,6v00_K
5k8q_A,2o60_A
5k8q_A,2wel_D
5k8q_A,3dve_A
5k8q_A,3dvm_A
5k8q_A,3g43_D
5k8q_A,3gof_B
5k8q_A,4ehq_A
5k8q_A,4m1l_A
5sy1_C,2bbm_A
5k8q_A,6e2f_E
5k8q_A,2m0j_A
5k8q_A,4djc_A
5k8q_A,3wfn_B
5k8q_A,4jpz_I
1mxe_A,1mxe_B
5k8q_A,4umo_D
5k8q_A,4jpz_C
5k8q_A,6b8l_B
5k8q_A,3evv_A
5k8q_A,1niw_E
5k8q_A,2be6_A
5k8q_A,1cm1_A
5k8q_A,1xfv_O
5k8q_A,2bki_B
5k8q_A,2f2o_B
5k8q_A,2l7l_A
5k8q_A,3dvk_A
5k8q_A,3g43_B
5k8q_A,3gp2_A
1cll_A,1a29_A
5k8q_A,3hr4_F
5k8q_A,4upu_A
5k8q_A,6e2g_E
5sy1_C,2vas_B
5sy1_C,2wel_D
5sy1_C,2x51_B
5sy1_C,3wfn_B
5sy1_C,3wfn_C
5sy1_C,6cnm_H
5k8q_A,2l53_A
5k8q_A,4dck_B
5k8q_A,6v00_B
5k8q_A,4jq0_C
5k8q_A,6b8l_H
5k8q_A,6b8q_B
5k8q_A,3sg6_A
5k8q_A,2f2o_A
5k8q_A,2ix7_A
5k8q_A,1cdm_A
5k8q_A,1cff_A
5k8q_A,1ckk_A
5k8q_A,1iq5_A
5k8q_A,1wrz_A
5k8q_A,1xfu_O
5k8q_A,1y0v_H
5k8q_A,1zuz_A
5k8q_A,2bbm_A
5k8q_A,2hqw_A
5k8q_A,2m55_A
5k8q_A,3bxl_A
5k8q_A,3bya_A
5k8q_A,5j8h_A
1up5_A,1up5_B
5k8q_A,5k7l_B
5k8q_A,6hr1_B
5k8q_A,6sz5_A
5sy1_C,2bbn_A
5sy1_C,3gn4_B
5sy1_C,3wfn_D
5sy1_C,4anj_B
5sy1_C,4cln_A
5sy1_C,4ehq_A
5sy1_C,4zlk_B
5sy1_C,3dve_A
5k8q_A,6feg_B
5k8q_A,6uzz_H
5k8q_A,6uzz_D
5k8q_A,5vms_B
5k8q_A,4umo_C
5k8q_A,6b8q_D
5k8q_A,1niw_A
5k8q_A,1xfx_O
5k8q_A,1xfz_O
6o20_F,2fot_A
5k8q_A,2kdu_A
5k8q_A,2kne_A
5k8q_A,2x0g_B
5k8q_A,2ygg_B
5k8q_A,3ewt_A
5k8q_A,3sui_A
5k8q_A,4hex_B
5k8q_A,6b8l_D
5k8q_A,6b8q_H
5k8q_A,6uzz_B
5sy1_C,3hr4_B
5k8q_A,3gof_A
5k8q_A,6cnn_E
5k8q_A,6cno_E
5sy1_C,2hqw_A
5sy1_C,4m1l_A
5sy1_C,3hr4_D
5sy1_C,3g43_C
3dvm_A,3bya_A
3dvm_A,2wel_D
2o5g_A,5k8q_A
3dvm_A,4ehq_A
6y4o_A,5k8q_A
2l53_A,4dck_B
4q5u_A,5k8q_A
5k8q_A,6mue_A
1cll_A,1cdl_A
2o60_A,1k90_E
1cll_A,1cm1_A
1cll_A,1qiw_A
1cll_A,1qiv_A
1cll_A,1xa5_A
1cll_A,3g43_D
1cll_A,2dfs_G
1cll_A,3gn4_D
1cll_A,3ewv_A
1cll_A,3ewt_A
1cll_A,3dvk_A
1cll_A,3dve_A
1cll_A,2wel_D
1cll_A,2ix7_A
1cll_A,2hqw_A
1cll_A,2fot_A
1cll_A,2f3y_A
1cll_A,2dfs_E
1cll_A,2dfs_B
1cll_A,2bki_B
1cll_A,2bkh_B
1cll_A,2be6_A
1cll_A,1niw_A
1cll_A,1mxe_B
1cll_A,1a29_
1cll_A,1xfu_O
1cll_A,1g4y_R
1cll_A,3g43_C
1cll_A,3hr4_B
1cll_A,3gn4_B
1cll_A,3g43_B
1cll_A,3dvm_A
1cll_A,2vay_A
1cll_A,2vas_B
1cll_A,2o60_A
1cll_A,2ix7_B
1cll_A,2dfs_F
1cll_A,2dfs_D
1cll_A,2dfs_C
1cll_A,2bcx_A
1cll_A,1yr5_A
1cll_A,1wrz_A
1cll_A,1qtx_A
1cll_A,1iwq_A
1cll_A,1iq5_A
1cll_A,1cdm_A
5k8q_A,5sy1_D
1cm1_A,1g4y_R
1mxe_A,1ooj_A
1y6w_A,1wrz_A
1ooj_A,1qx5_B
1ooj_A,1qx5_T
3i79_A,3hx4_A
3i79_A,3n51_A
3i79_A,3i7c_A
2f2o_A,1up5_A
2f2o_B,1up5_A
1xfv_A,1k90_A
1k8t_A,1k93_A
1k8t_A,1k90_A
1k8t_A,1k93_C
1k8t_A,1k93_B
1cll_,1cdl_A
1cdl_A,1exr_A
1cdl_A,2f2o_A
1cdl_A,1cdm_A
3lst_B,3lst_A
2g8j_A,1tl9_A
1u5i_A,2ary_A
2p0r_A,1ziv_A
1ziv_A,2ary_A
1bx6_,1fot_A
1cdk_A,1ctp_E
1stc_E,1cdk_A
1bkx_A,1ctp_E
1ctp_E,2cpk_E
1j3h_B,1bkx_A
1j3h_B,1atp_E
1rdq_E,1j3h_A
1j3h_A,4dh3_A
1u7e_A,1j3h_A
1j3h_A,1cdk_A
1j3h_A,1bkx_A
1j3h_A,1l3r_E
1atp_E,2qvs_E
1atp_E,1cmk_E
1atp_E,1ctp_E
1atp_E,1j3h_A
1rgs_A,2qcs_B
2qcs_B,1rgs_A
3l61_A,3l63_A
5xra_A,5tgz_A
5u09_A,7fee_A
3ojl_A,3ojl_B
3ojo_A,3ojo_B
1ihm_A,1ihm_C
1ihm_B,1ihm_C
1ihm_A,1ihm_B
1e6j_P,3h47_A
3w1v_A,3vvc_A
4jz7_C,4jz9_C
4jz7_D,4jz9_D
1bxr_A,1a9x_A
1a9x_A,1bxr_C
1bxr_A,1a9x_C
1bxr_A,1c30_A
1bxr_A,1c30_C
4kp8_A,4ht2_B
4gl1_X,4lp7_B
1oao_C,1oao_D
1mjg_A,1suf_A
1qz3_A,1u4n_A
1k9a_C,1k9a_A
8h4z_A,8h52_A
1tw2_A,1tw2_B
1tw3_A,1tw3_B
5jr3_A,5jr3_C
5jr3_B,5jr3_C
1jam_A,1lp4_A
1jam_A,2oxy_A
1jam_A,1zoh_A
3fwe_A,1g6n_A
2wc2_A,1j59_A
1g6n_A,1g6n_B
1g6n_A,1hw5_A
1i6x_B,1zrd_B
1g6n_B,1hw5_B
2nqd_B,2h7w_A
1glo_A,1al7_
1glo_A,1al7_
1hng_A,1cdc_A
1hnf_,1hng_A
1ygr_A,1ygr_B
1lgp_A,1lgq_A
3wqu_C,3wqu_D
3wqt_A,3wqt_D
3wt0_A,3wt0_B
1e4f_T,1e4g_T
3wt0_A,3wt0_D
3wt0_A,3wt0_C
3wqt_A,3wqt_B
4a2a_A,4a2a_B
2cea_F,2cea_D
2cea_C,2cea_D
3kds_E,2ce7_B
3voa_A,1w5a_A
5mn5_A,5mn4_A
3voa_A,3wgk_A
5mn4_A,5mn8_A
5h5g_A,5h5g_B
5h5g_A,5zue_A
3voa_A,3vpa_C
5h5g_B,3voa_A
3voa_A,2rhl_A
5h5g_A,2rhl_B
3voa_A,2vxy_A
5h5i_A,5h5h_A
6umk_A,5h5h_A
3voa_A,3vo9_A
3wgm_A,3wgl_A
3voa_A,3wgl_A
1pxn_A,1aq1_
1vyw_A,1aq1_
2exm_A,1aq1_
1fq1_B,1jsu_A
2b54_A,1fq1_B
1fq1_B,1b39_A
2exm_A,1fq1_B
2exm_A,1qmz_A
2bts_A,1pf8_A
2b54_A,1qmz_A
5nz7_A,5nz8_A
4ku7_A,4ku8_A
5nro_A,2kho_A
1dkg_D,3hsc_A
2kho_A,4b9q_A
2ioq_B,2cg9_B
1kx8_A,1n8v_B
1i58_A,1b3q_A
1bc5_A,1af7_A
4mbs_A,4mbs_B
6aky_A,5uiw_A
6aky_A,6gpx_A
4mbs_A,6aky_A
1kel_L,1axt_L
1kel_L,1l7i_L
1kel_L,1yec_L
3b8s_B,3b9d_A
1ehn_A,1ffr_A
1ctn_A,3ars_A
1eib_A,1k9t_A
1e15_A,1h0i_A
1zty_A,1zu0_A
1zty_A,4gfr_A
2q2u_A,1p8l_A
1fvi_A,2q2t_A
2q2t_A,1p8l_A
5tqq_A,6qvd_A
1k0n_A,1rk4_A
1k0n_A,1rk4_B
1qxo_A,1qxo_B
1gxj_B,1gxl_B
1gxj_A,1gxl_A
5a1s_A,5a1s_B
1cts_A,2cts_A
1iom_A,1ixe_B
1iom_A,1ixe_A
5csc_A,6csc_B
5csc_A,2csc_
5csc_A,1csr_
5csc_A,1csh_
6cts_,5csc_A
1cts_,1al6_
1cts_,1csh_
1cts_,4cts_A
5csc_A,1al6_
5csc_A,1csi_
5csc_A,1amz_
1jnk_A,1uki_A
2hf7_A,1rmt_D
3hla_A,1ddh_A
4in2_A,4inq_A
1qvr_B,1qvr_C
1qvr_A,1qvr_B
1qvr_A,1qvr_C
7ds0_A,7ds1_A
2yk4_A,2yk5_A
2yk5_A,2yk7_A
2r7e_A,6mf2_A
3cdz_B,3j2q_B
6to4_D,6toe_A
1jch_A,2b5u_A
2a73_B,2i07_B
2a73_B,2b39_A
2i07_B,2hr0_B
5fo7_B,2wii_B
3cu7_A,3prx_A
1g40_A,1rid_A
1g44_A,1rid_A
1h03_P,1ok3_A
2ok5_A,3hrz_D
5oqp_A,5oqq_A
4d18_B,4d18_J
4d10_B,4d10_J
4d18_D,4d10_D
4d18_D,4d18_L
4d18_G,4d10_G
1jk9_B,1qup_A
1jk9_D,1qup_B
1jk9_B,1qup_B
1we3_A,1we3_B
2crk_A,1u6r_B
3dre_B,3b6r_A
3dre_B,3b6r_B
3dre_B,3drb_A
1i0e_C,1u6r_B
1u6r_B,1u6r_A
1vrp_B,2crk_A
1u6r_A,1m15_A
4crx_A,1crx_A
4crx_B,1crx_A
4qdl_A,1xcb_A
4cmp_A,4zt0_A
4cmp_A,4oo8_A
6o0y_A,6o0z_A
5f9r_B,7s4u_A
4un3_B,5f9r_B
3odu_A,3oe0_A
1l5b_B,3ezm_A
3ezm_A,1m5j_A
1l5b_A,3ezm_A
1u12_A,1vp6_A
1u12_B,1vp6_C
1f5q_A,1ckp_A
1f5q_C,1ckp_A
1fin_A,3pxr_A
1fin_A,1hck_A
1fin_A,1hcl_
1dm2_A,1qmz_A
1jst_A,1hck_A
4au8_A,3o0g_A
1aq1_,1qmz_A
1aq1_,1jsu_A
5kkw_A,5wjp_A
3kbr_A,5hpq_A
3gwf_A,3gwd_A
1ihg_A,1iip_A
1kp9_A,1kph_C
1kp9_A,1kpi_A
1kp9_A,1l1e_A
4coo_A,4pcu_A
4pcu_A,4pcu_B
1cew_I,1g96_A
5w81_A,5uar_A
2fem_A,2feo_A
2e74_D,2e76_D
4ogq_D,4h13_D
1qks_A,1h9x_A
1bu7_A,1jpz_B
1bu7_A,1jpz_A
1po5_A,2bdm_A
1po5_A,1n6b_A
1suo_A,1po5_A
3tbg_A,3tbg_B
1k2o_A,2frz_A
1akd_A,3l61_A
2cpp_A,4jx1_A
2cpp_A,1rf9_A
2dc3_B,1ut0_B
1k6w_A,1k70_A
6cm4_A,7jvr_R
1wmb_A,2ztl_A
2ztv_A,2ztl_B
1ygy_A,1ygy_B
1ygy_A,2g76_A
1psd_A,1psd_B
1psd_A,1sc6_A
4nfy_A,4njm_A
2yzg_B,2zdq_A
1ehi_A,1ehi_B
1gub_A,1rpj_A
2hye_A,5hxb_B
2o1c_D,2o1c_A
1k1s_A,1jx4_A
1k1q_A,1s0o_A
1k1s_A,1s0o_B
1k1q_A,3bq1_A
1k1q_A,3bq2_A
1k1q_A,1k1s_A
1k1q_B,3bq2_A
1k1q_A,1s0o_B
1k1q_B,3bq1_A
1k1q_B,3bq0_A
1k1q_A,3bq0_A
1k1s_A,3bq0_A
1k1q_A,1k1q_B
1k1s_A,3bq2_A
1k1q_A,2rdi_A
1k1q_A,1n48_A
1jks_A,1jkt_A
1wvw_A,1wvy_A
5d9t_A,5lol_A
2vbc_A,2wv9_A
2whx_A,5yvu_B
2vbc_A,2whx_A
2whx_A,2wv9_A
2vbc_A,5yvu_B
1dek_A,1dek_B
2ec5_A,2ebf_X
2qw1_A,2fw0_A
2fw0_A,2gbp_A
2hph_A,2fw0_A
2gbp_,3gbp_
2gbp_,2fw0_A
1hkb_A,1hkc_A
1cza_N,1bg3_B
1hkb_A,1cza_N
1cza_N,1bg3_A
1cza_N,1hkc_A
1dc6_B,1gad_O
1gad_P,1gad_O
1crw_G,1dss_G
2gd1_O,1nq5_A
1gd1_O,2gd1_O
2gd1_O,1npt_O
1nq5_A,2gd1_R
2gd1_O,1gd1_P
1gd1_P,2gd1_P
3v6p_A,4gg4_A
3wb9_A,3wbf_A
2q9j_A,1gqz_A
2gkj_A,1gqz_A
2q9j_A,2gke_A
2q9h_A,2gke_A
2q9h_A,2q9j_A
2q9j_A,2gkj_A
1gqz_A,2gke_A
2otn_A,2otn_B
3dap_A,1dap_B
2ffl_A,2ffl_C
2wb4_B,1w25_B
2wb4_B,1w25_A
7emy_A,7en2_A
7emy_A,7en1_A
3qy9_B,3qy9_D
5z2d_A,5z2f_A
1vm6_A,1vm6_C
5z2d_A,5zdf_A
1arz_A,1arz_B
3qy9_A,3qy9_B
3ijp_A,3ijp_B
1yl7_A,1yl5_A
3m5v_B,3ler_B
3m5v_B,3ler_C
3m5v_B,3ler_A
3ler_B,3m5v_C
3m5v_D,3ler_B
3m5v_D,3ler_A
3m5v_A,3ler_B
3m5v_B,3ler_D
3c1t_D,2c29_F
3c1t_B,2c29_D
3c1t_D,2c29_D
3c1t_C,2c29_F
4dfr_A,5dfr_A
4dfr_A,5dfr_
1dpe_A,1dpp_A
1dpp_A,1dpe_
3fvy_A,3t6b_A
3fvy_A,5egy_A
3fvy_A,3t6j_A
1tox_A,4ow6_A
1sgk_A,1f0l_A
1bi1_,1bi2_B
1bi2_A,1bi2_B
6bu5_A,6c3i_A
1j49_A,1j49_B
5z21_A,6abi_A
1j4a_A,1j4a_B
1j4a_A,1j4a_D
1j49_A,1j4a_A
1j4a_A,1j49_B
1j49_A,1j4a_B
6abj_B,5z20_D
1omp_A,1anf_A
1omp_A,1anf_
1omp_A,4mbp_A
1anf_A,1jw4_A
1anf_A,1peb_A
1anf_A,1jw5_A
1omp_A,1dmb_A
1omp_A,3mbp_A
1omp_,4mbp_
1anf_,1lls_A
3mbp_,1lls_A
1omp_,3mbp_
1omp_,1anf_
2w2l_A,2w2l_D
2w2l_C,2w2l_D
2w2l_B,2w2l_D
2w2l_A,2w2l_C
2w2l_A,2w2l_B
2w2l_B,2w2l_C
2w2k_A,2w2k_B
2w2k_A,2w2l_C
2w2k_A,2w2l_B
2w2k_A,2w2l_D
4yah_X,6cvl_E
1jej_A,1qkj_A
1jej_A,1jix_A
1jej_A,1jg6_A
2q6t_A,2q6t_B
4a11_A,5hxb_Y
3ei3_A,2hye_A
6dsz_B,5hxb_B
5hxb_B,3i8c_A
4a11_A,6dsz_A
1s0v_A,1cez_A
1i6v_C,1iw7_M
2a6h_A,1iw7_L
1iw7_M,1iw7_C
2a69_N,2be5_D
1i3q_B,1i6h_B
1i50_B,1i6h_B
1i50_B,1wcm_B
1i3q_B,1k83_B
1i3q_B,1i50_B
1i50_A,1i6h_A
1i3q_A,1y1w_A
1i6h_A,1k83_A
1i3q_A,1i50_A
1i3q_A,1wcm_A
1i50_A,1wcm_A
1i50_A,1y1w_A
1k83_A,1i3q_A
1i50_A,2nvq_A
1i3q_A,1i6h_A
3dsc_A,3dsd_A
3qks_A,3qkt_A
3qks_B,3qkt_A
1ei1_A,1kij_A
1e0j_A,1e0j_B
2is4_A,2is2_A
2is6_A,3lfu_A
1rif_A,1rif_B
3agz_A,3agz_B
1dkx_A,1dky_A
1dky_A,1dkz_A
6wbo_A,3rr5_A
6wbo_A,3gde_A
6wbo_A,2cfm_A
1dgs_A,1dgs_B
1v9p_A,1v9p_B
2owo_A,1zau_A
6wbo_A,4eq5_A
3sgi_A,1zau_A
1x9z_A,1x9z_B
1fw6_A,1nne_B
1nne_A,1nne_B
1e3m_A,1w7a_B
1fw6_A,1fw6_B
1e3m_A,1e3m_B
1ih7_A,1ig9_A
1waf_B,1ig9_A
1bpx_A,2fmp_A
1bpx_A,1bpy_A
1bpd_A,2bpg_B
1bpd_A,2bpg_A
2fmq_A,9ici_A
2bpg_A,1bpd_
6wjv_A,4m8o_A
1jih_A,3mfi_A
1jih_A,2r8k_A
1jih_A,1jih_B
1jih_A,2r8j_A
1jih_A,3mfh_A
1l3s_A,3hp6_A
1xwl_,1lv5_B
3hp6_A,1lv5_A
1l3s_A,1lv5_A
1l3u_A,1lv5_A
2hpi_A,3e0d_A
1njg_B,1njf_A
1njg_A,1njf_A
3pw5_A,4rzr_A
4jv1_A,4rzr_A
3khg_A,2rdi_A
3bq1_A,1k1s_A
3bq1_A,2agq_A
2va3_A,2rdi_A
4gc7_A,4rzr_A
2ago_A,2agq_A
2ago_A,2agp_A
3pw4_A,4rzr_A
4rzr_A,3pr5_B
3rbe_A,4rzr_A
4rzr_A,2r8h_A
3gii_A,2rdi_A
3gij_A,4rzr_A
3pw2_A,4rzr_A
4rzr_A,3rb4_A
3rbd_A,4rzr_A
3gim_A,4rzr_A
4qwb_A,4rzr_A
4rzr_A,2ago_A
4qw9_A,4rzr_A
3qz7_A,2rdi_A
3qz7_A,4rzr_A
4rzr_A,1n56_A
2agp_A,4rzr_A
4rzr_A,3pw7_A
3pvx_A,4rzr_A
3m9n_B,4rzr_A
3m9n_B,2rdi_A
2ia6_B,2rdi_A
1n48_A,4rzr_A
1n48_A,2rdi_A
2ia6_A,4rzr_D
2ia6_B,4rzr_D
2ia6_B,4rzr_A
3pr4_A,4rzr_A
3pw0_A,4rzr_A
4rzr_A,3rb3_A
4f4w_A,2rdi_A
2agq_A,2rdi_A
3rax_A,4rzr_A
4rzr_A,4qwd_A
3m9m_B,2rdi_A
4rzr_A,4g3i_A
4rzr_A,4qwa_A
4rzr_A,2agq_A
4rzr_A,2ia6_A
2agp_A,2rdi_A
4rzr_A,3qz8_A
3bq1_A,3qz8_A
2ibk_A,4rzr_A
3m9m_B,4rzr_A
4rzr_A,2asd_A
1s97_A,4rzr_A
1s97_A,2rdi_A
3m9o_B,2rdi_A
3v6j_A,4rzr_A
4rzr_A,2rdi_A
4ruc_A,4rzr_A
3m9o_B,4rzr_A
2ibk_A,2rdi_A
3v6h_B,2rdi_A
2agp_B,2rdi_A
4f50_A,1k1s_A
2bqr_A,4rzr_A
4f50_A,3bq2_A
2asj_B,2rdi_A
4fbt_A,4rzr_A
2r8g_A,2rdi_A
2imw_P,2rdi_A
4rzr_A,7kle_A
2r8i_A,2rdi_A
4nlg_A,2rdi_A
3qz7_A,3bq1_A
2agq_A,3bq2_A
3bq1_A,4nlg_A
3bq1_A,4f50_A
3gik_A,2rdi_A
2r8h_A,2rdi_A
4juz_A,4rzr_A
4rzr_A,1s9f_A
2asd_A,2asj_A
2asj_A,2rdi_A
1s0n_A,4rzr_A
2rdi_A,3bq0_A
2rdi_A,2v9w_A
2rdi_A,4jv0_A
2rdi_A,4rua_A
2rdi_A,3khl_A
2rdi_A,4ruc_A
2rdi_A,5edw_A
2rdi_A,2bqr_A
1s0o_A,2rdi_A
2rdi_A,3khh_A
2rdi_A,1s0n_A
2rdi_A,1jxl_A
2rdi_A,3rbd_A
2rdi_A,4tqs_A
2rdi_A,4jv1_A
2rdi_A,3rb4_A
2rdi_A,3rax_A
2rdi_A,3pw7_A
2rdi_A,6l84_A
2rdi_A,3pw2_A
1jxl_A,6vnp_A
2rdi_A,2asl_A
2rdi_A,3gil_A
2rdi_A,6vnp_A
2rdi_A,3pw4_A
2rdi_A,3pw5_A
2rdi_A,3pw0_A
2rdi_A,6vgm_A
2rdi_A,3pvx_A
2rdi_A,7kle_A
2rdi_A,3rb3_A
2rdi_A,1s9f_A
2rdi_A,3gij_A
2rdi_A,4tqr_A
2rdi_A,1s0m_A
2rdi_A,3pr4_A
2rdi_A,3gim_A
2rdi_A,7klf_A
2rdi_A,4qwc_A
2rdi_A,3rbe_A
2rdi_A,4qwb_A
2rdi_A,4qwa_A
2rdi_A,4qwd_A
2rdi_A,4qw8_A
2rdi_A,1ryr_A
2rdi_A,4qw9_A
2rdi_A,1s10_A
2rdi_A,3v6k_A
2rdi_A,6vkp_A
2rdi_A,4fbt_A
2rdi_A,4fbu_A
2rdi_A,4gc7_A
2rdi_A,4juz_A
2rdi_A,3raq_A
2rdi_A,4jv2_A
1jx4_A,2rdi_A
2rdi_A,3t5h_A
2rdi_A,3v6j_A
2rdi_A,4qwe_A
2rdi_A,2asd_A
2rdi_A,4g3i_A
2rdi_A,6vg6_A
1jxl_A,4fbu_A
1jxl_A,4g3i_A
2rdi_A,4gc7_B
2rdi_A,3v6h_A
2rdi_A,2rdj_A
2rdi_A,2ia6_A
1jxl_A,4rzr_A
1jx4_A,1jxl_A
1jx4_A,1n48_A
1jx4_A,1s0o_A
2rdi_A,1s97_B
1jx4_A,1s0n_A
2rdi_A,1rys_A
2rdi_A,2ago_A
2rdi_A,3qz8_A
2rdi_A,3pr5_B
2rdi_A,1n56_A
1jxl_A,5edw_A
2rdi_A,3khr_A
1t3w_B,1t3w_A
1pzn_A,2bke_A
1ik9_A,1fu1_A
3al2_A,3al3_A
1zxm_A,1zxn_A
1zxn_A,1zxm_B
1d6m_A,1i7d_A
6vvc_A,6vve_A
3dmk_A,3dmk_B
2au0_A,4rzr_A
2au0_A,2rdi_A
2atl_A,2rdi_A
2au0_A,2atl_A
2dri_,1urp_D
1urp_A,1urp_B
1drj_A,2gx6_A
1ba2_A,2dri_A
1urp_A,2dri_
2dri_,1urp_C
1urp_A,2dri_A
2dri_,1ba2_B
2dri_,1ba2_A
1ba2_A,1urp_C
2dri_,1urp_B
1drj_A,1ba2_A
1urp_A,1drj_A
4hpz_A,4osh_A
1kc1_A,1kc3_A
7d3e_A,7d3f_A
1s9i_A,1s9j_A
3fme_A,3enm_D
3fme_A,3enm_B
3fme_A,3enm_C
3fme_A,3enm_A
3m9w_A,3ma0_A
4gby_A,4ja4_A
2x2e_A,3zyc_A
2x2e_D,2x2e_A
3n42_F,1rer_B
1rer_A,3n41_F
3n42_F,1rer_A
5hkx_A,3zni_A
5c1z_A,5n2w_A
1az3_A,1eoo_B
1rve_A,4rve_A
3cja_A,3cj1_A
4br4_A,4br9_A
3aap_A,4bra_A
4cid_A,5mtv_A
2eia_A,1eia_A
2eia_B,1eia_
2eia_A,2eia_B
2eia_B,1eia_A
2eia_A,1eia_
4c0s_A,1jny_A
1jny_A,3agj_A
1f60_A,3agj_A
1ijf_A,4c0s_A
1ijf_A,3wxm_A
4c0s_A,3wxm_A
1jny_A,1f60_A
1n0v_C,1n0u_A
1n0u_A,1n0v_D
1ktv_A,2efg_A
2efg_A,1fnm_A
1fnm_A,1elo_A
1aip_C,1tfe_
1tui_A,1exm_A
1tui_A,2xqd_Z
1aip_A,2xqd_Z
1efc_A,2wrq_Z
1efc_A,1exm_A
1exm_A,2xqd_Z
1tui_A,1aip_A
1aip_A,1exm_A
1dg1_G,1exm_A
1tui_A,1ha3_A
1eft_A,1tui_A
1eft_A,1efc_A
1tui_A,1ob5_A
1tui_A,1eft_
1efc_A,2bvn_A
1aip_A,1ha3_A
1exm_A,2c78_A
1exm_A,1ob2_A
1aip_A,2c77_A
1efc_A,1ob2_A
1exm_A,2c77_A
1b23_P,1tui_A
1exm_A,1ha3_A
1eft_A,1ob5_A
1aip_A,2c78_A
1exm_A,2wrq_Z
4h9g_A,2c78_A
1d2e_D,1exm_A
2wrq_Z,2c78_A
2wrq_Z,2c77_A
1isz_A,1isz_B
2dcy_E,2qz3_A
2dcy_A,2qz3_B
2dcy_A,2qz3_A
2dcy_E,2qz3_B
2dcy_D,2b46_X
2dcy_B,2qz3_B
2b46_X,2b45_X
2dcy_B,2qz3_A
1xyo_A,1ref_B
4nuy_A,4nuz_A
2baa_A,2dkv_A
2xdt_A,3qnf_A
3mdj_A,2yd0_A
6q4r_A,6mgq_A
5er2_E,4ape_
4ape_,1gvu_A
4ape_A,5er2_E
4ape_,4er2_E
4ape_A,4er2_E
4ape_,1epp_E
4enl_A,1one_A
3enl_A,1ebg_A
1e9i_A,2fym_A
3h8a_A,1e9i_D
1one_A,1ebh_B
3rg2_B,3rg2_G
2chu_A,3zkw_A
1oan_A,1oke_A
4tvp_G,2b4c_G
2x10_A,2x11_A
4hjo_A,3gop_A
2jiv_B,3gop_A
1yy9_A,1mox_A
1m17_A,3pp0_A
2gs2_A,2gs6_A
1yy9_A,1nql_A
1yy9_A,2ahx_A
1yy9_A,1m6b_A
1nql_A,1m6b_A
1m17_A,4i1z_A
1yy9_A,1ivo_A
4i1z_A,4wrg_A
1ivo_B,1mox_B
1ivo_A,1mox_A
1yy9_A,3njp_A
2itz_A,5uga_A
4i1z_A,4r3r_A
1nql_A,1ivo_A
1nql_A,2ahx_A
1m6b_A,2ahx_A
3ltf_A,3ltg_A
1nql_A,3njp_A
1ff5_B,2o72_A
4bkj_A,3zos_A
1aoj_A,1i0c_A
1eer_B,1ern_A
1eer_B,1ebp_B
1eer_B,1cn4_A
1eer_B,1eer_C
7ppz_B,6xki_A
2zu6_A,2vsx_A
3uwx_A,3pih_A
2r6f_A,3pih_A
2r6f_A,3ux8_A
2vf7_A,3pih_A
3gpl_A,3gp8_A
1u6z_B,2flo_D
1t6c_A,1t6d_B
3gb8_A,3gjx_A
3icq_T,3ibv_A
5fbk_A,5k5t_A
5k5s_A,5k5t_A
4mlc_A,4q6b_A
6g7n_A,6g7q_A
1o9z_A,1m15_A
1sky_E,1bmf_F
1rz8_A,1g9m_L
1q0x_H,1q0y_H
1nbv_H,1cbv_H
1ad0_A,1hez_C
1ad0_A,1dee_A
1ad0_B,1rmf_H
1ad0_A,1rmf_L
1baf_L,1gpo_L
1baf_L,1keg_L
1baf_L,1ad9_L
1baf_L,1acy_L
1baf_L,1cz8_L
6dkj_B,6gfe_M
4rea_B,4reb_A
1b56_A,4azm_A
1b56_A,4azr_A
4azr_B,1b56_A
1e2x_A,1h9g_A
1hw1_B,1h9g_A
1h9t_A,1h9g_A
5ncc_A,5ncc_E
5ncc_A,5ncc_B
3hhd_A,3hhd_C
3hhd_A,3hhd_D
1wdk_B,1wdl_B
1wdl_A,1wdl_B
1wdk_A,1wdl_A
2e31_A,2e32_A
1fnd_,1fnb_
3ab1_A,3ab1_B
3lzw_A,3ab1_A
3lhs_A,3li2_A
4fil_A,4fkm_A
1r1n_A,1d9y_A
1mzb_A,2w57_A
3r5s_A,3r5t_A
3tlk_A,2m6l_A
3tlk_A,2m6k_A
2o5p_B,2iah_A
1ak1_A,1c1h_A
1ffh_A,1ng1_A
1ffh_,1ng1_
1r19_D,1r17_A
1nun_A,1pjm_B
2pvf_A,7vjl_B
1e0o_D,1djs_A
2pvf_A,8e1x_B
4k33_A,6pnx_B
4k33_A,6yi8_A
4k33_A,4qqj_A
2cg6_A,2cg7_A
1pxy_A,1pxy_B
3usy_A,3usw_A
3usw_A,3usy_B
3hjl_A,4fhr_B
1qjd_A,1qo8_A
1qo8_A,1qo8_D
1d4c_A,1qo8_A
1d4c_B,1d4c_C
1d4c_A,1d4e_A
1d4e_A,1qo8_A
1d4c_A,1d4c_B
2fok_A,1fok_A
1jbv_A,1jbw_A
4iol_A,4iok_A
4iol_A,4iok_A
4phu_A,5kw2_A
1eyi_A,1eyj_A
1lbv_A,1lbx_A
3o74_A,3o75_A
3p4p_A,6c12_A
3p4p_A,6b58_A
5ea3_F,5ea5_F
3pds_A,3ny8_A
3p0g_A,2rh1_A
3pds_A,3p0g_A
3c4m_A,3c4m_B
6ks6_G,5gw5_G
4ueo_A,4uej_A
1gcg_A,3gbp_A
1gcg_A,1gca_A
1gcg_A,3ga5_A
6hup_A,6hug_A
6hup_B,6hug_B
6hup_C,6hug_C
4mqe_A,4ms3_A
4mqe_A,4ms4_A
4mqe_A,4mr9_A
4mqe_A,4mqf_A
4mqe_A,4mr7_A
4mqe_B,4ms3_B
1hk0_X,1h4a_X
4gr7_X,1hk0_X
1gdt_A,2rsl_A
1n7g_A,1n7g_D
4nc9_A,2gej_A
2gej_A,4nc9_C
4nc9_A,2gek_A
2gej_A,4nc9_B
2d3e_C,2d3e_D
5yvv_B,2whx_A
6kr2_A,6kr3_A
1wmw_C,1wmw_D
1agq_A,1agq_C
3klk_A,3ttq_A
3klk_A,4amc_A
1q18_A,1sz2_A
1v4t_A,3idh_A
1v4t_A,1v4s_A
1knq_A,1ko5_A
1knq_A,1kof_A
1knq_A,1ko8_A
1dea_A,1fsf_A
1dea_A,1cd5_A
1hot_A,1cd5_A
1dea_A,1fs6_A
1jt9_A,1dea_A
1frz_A,1fs6_A
1jt9_A,1hot_A
1fqo_A,1fs6_A
1ne7_A,1jt9_A
2bpl_A,2j6h_B
2bpl_C,2j6h_B
2bpl_B,2j6h_B
2bpl_A,2j6h_A
4amv_A,2j6h_A
1e7y_A,1h9a_A
1h9a_A,1h94_A
1dpg_A,1h94_A
2j5t_B,2j5v_A
1euz_B,1euz_C
1euz_D,1euz_E
1hrd_B,1hrd_C
1euz_A,1euz_B
1euz_E,1euz_F
1hrd_A,1hrd_C
5xvi_A,5xvi_D
1k89_,1hrd_A
1hwy_A,1l1f_A
1bvu_E,1bvu_D
1hrd_A,1hrd_B
1hrd_A,1bgv_A
5xvv_A,5xvv_D
1l1f_A,1hwx_A
3mw9_A,1nqt_A
2yfh_A,2yfh_F
1y20_A,1pbq_A
1y1z_A,1pbq_A
1y1m_A,1pbq_A
2ohg_A,2ohv_A
1b73_A,2ohg_A
4u2r_A,4u2r_B
4u2r_A,4u2r_D
4n07_C,1fto_A
1n0t_A,1syh_A
4u2r_A,1fto_B
3b6w_D,1fto_A
1mqh_A,1mqg_A
4u2r_C,4u2r_D
3b6w_B,1fto_A
4u2r_B,4u2r_D
3bki_P,1fto_A
4u2r_B,4u2r_C
4u2r_A,4u2r_C
3r7x_A,1ftj_A
2p2a_A,1fto_A
3t96_B,1fto_A
4u2q_A,4u2p_A
4u2r_A,3o6g_A
1my3_B,1fto_A
3bki_C,1ftj_A
3kgc_A,1ftj_A
4u2r_A,2uxa_A
1mqj_A,1ftj_A
4n07_B,1fto_A
4n07_A,1fto_A
1n0t_A,1mqj_A
4u2r_B,1fto_A
3b6w_A,1fto_A
3bki_C,1fto_A
3bki_D,1fto_A
2p2a_B,1fto_A
4u2r_A,2uxa_C
4u2r_A,1ftj_A
3il1_B,1ftj_A
4u2r_B,3o6g_A
4u2r_A,1fto_A
1n0t_A,1ftj_B
3b6w_C,1fto_A
5zg2_A,1ftj_A
1n0t_A,1wvj_A
4u2r_A,4n07_B
2cmo_A,1n0t_C
2cmo_A,1n0t_D
1p1q_B,1fto_A
3tdj_A,1fto_A
3dp6_A,1fto_A
2cmo_A,1n0t_B
3o6g_A,1fto_A
2cmo_A,1n0t_A
1mqj_A,1mqg_A
3b6t_A,1fto_A
5zg2_B,1ftj_B
5zg2_A,1ftj_B
3kgc_A,2cmo_A
3bki_D,1ftj_A
3bki_B,1ftj_A
1n0t_A,1mqh_A
3bki_P,1ftj_A
4u2r_A,5elv_A
4u2r_A,1mqi_A
6fqk_A,1ftj_B
5oew_A,4u2p_A
6fqk_B,1ftj_B
3tza_A,4u2p_A
3tza_A,5oew_A
3tza_A,1ftj_B
3tza_A,1vso_A
3dln_A,3rt6_B
3m3k_A,1fto_A
4f1y_A,1ftj_B
4f1y_C,1ftj_B
4f39_A,1fto_A
3dln_A,3dp4_A
3dln_A,3rt8_A
3dln_A,4f1y_A
3dln_A,1fto_A
3en3_A,1fto_A
3en3_A,3epe_A
3fas_A,3kfm_A
3fas_A,3fat_A
3en3_A,3fas_A
2v3t_A,5cc2_A
2v3t_A,2v3u_A
7z2r_A,2v3u_A
5cc2_A,2v3u_A
3s2v_B,4bdl_A
2f36_C,4qf9_C
3s2v_B,4bdl_B
3s2v_B,4bdm_B
3s2v_B,1s50_A
3s2v_B,1s7y_B
3s2v_B,4h8i_A
3s2v_B,1tt1_B
3s2v_B,2xxt_A
3s2v_B,4bdm_D
3s2v_B,4bdn_C
2f36_A,3t9v_B
2f36_A,3t9v_A
2f36_A,4l17_E
2znu_A,3fv2_A
2f36_A,1lb9_B
1s7y_B,1fto_A
2f36_A,1lb9_A
3s2v_B,4bdo_A
2f36_A,4l17_G
3s2v_B,3gba_C
3s2v_B,4bdo_C
1tt1_B,1fto_A
3s2v_B,4bdo_D
3s2v_B,1sd3_A
3s2v_B,4bdr_A
3s2v_B,1sd3_B
2f36_A,1ftl_B
3s2v_B,4bdr_B
2f36_A,4l17_C
2f36_A,4l17_A
2f36_A,4li7_A
2f36_A,6fqh_A
2f36_A,6fqh_B
2f36_A,3b7d_H
2f36_A,3b7d_G
2f36_A,3b7d_F
2f36_D,1fto_A
3s2v_B,1txf_A
2f36_A,3b7d_E
2f36_A,3b7d_D
2f36_A,3b7d_C
2f36_C,1fto_A
2f36_A,3b7d_B
2f36_B,1fto_A
2f36_A,1fto_A
2f36_A,6fqj_G
2f36_A,6fqj_H
2f36_A,6fqj_F
1ycj_B,1fto_A
2f36_A,6fqj_E
2f36_A,6fqj_D
2f36_A,6fqj_C
2f36_A,6fqj_A
2f36_A,6fqj_B
2f36_A,3kgc_B
2f36_A,3b7d_A
4qf9_A,4e0x_A
3s2v_B,4bdn_B
3s2v_B,4bdq_B
3s2v_B,3qxm_A
3s2v_B,1ycj_A
3s2v_B,2znt_A
3s2v_B,3gba_D
2f36_A,2f35_B
2f36_A,2f34_B
2xxr_B,1fto_A
3s2v_B,2pbw_B
3s2v_B,3u94_C
3s2v_B,2pbw_A
2f36_A,2cmo_A
3s2v_B,2wky_A
3s2v_B,3fv1_B
3s2v_B,1ycj_B
3s2v_B,2f36_B
3s2v_B,2f36_C
3s2v_B,2f36_D
3kgc_B,1ftj_A
6fqh_A,1ftj_A
1tt1_B,1yae_A
3s2v_B,2zns_A
3s2v_B,3fuz_A
3s2v_B,3fuz_B
2f36_A,6jfz_C
3s2v_B,2qs3_A
3s2v_B,2qs3_B
3s2v_B,2qs2_A
3s2v_B,2qs2_B
2f36_A,6jfz_D
3s2v_B,3c36_A
3s2v_B,3c36_B
3s2v_B,3c35_A
3s2v_B,3c35_B
2xxt_B,1fto_A
3s2v_B,3c31_A
3s2v_B,2xxv_A
3s2v_B,2xxv_B
3s2v_B,5mfq_B
3s2v_B,5mfq_A
2qs4_D,2f36_A
2qs4_C,2f36_A
2qs4_B,2f36_A
1vso_A,3b6q_A
3s2v_B,4qf9_B
3t9v_A,1ftj_A
6jfz_A,6jfy_A
3s2v_B,3gba_B
6jfz_B,6jfy_A
2f36_A,2xxv_A
2f36_A,5kuh_B
2f36_A,5mfq_A
4mf3_A,3fvo_A
3s2v_B,3fvo_B
2f36_A,2f35_A
2f36_A,5nf5_A
2f36_A,3olz_A
2f36_A,5kuh_A
2f36_A,5mfv_A
2f36_A,3c33_A
2f36_A,2znt_A
2f36_A,2xxy_A
2f36_A,3c32_A
2f36_A,4dld_A
2f36_A,4dld_B
2f36_A,4mf3_B
2f36_A,4mf3_A
2f36_A,2pbw_B
4e0x_A,3gba_D
2f36_A,2pbw_A
2f36_A,2f34_A
2f36_A,4yma_A
4e0x_A,3gba_C
4e0x_A,3gba_B
2f36_A,3c31_B
2f36_A,5mfw_A
2f36_A,3c32_B
2f36_A,3qlv_A
4e0x_A,3gba_A
4e0x_A,2qs4_B
3s2v_B,3fvo_A
4e0x_A,2qs3_B
4e0x_A,2qs3_A
3s2v_B,4dld_A
4e0x_A,2qs2_A
4e0x_A,2qs1_B
4e0x_A,2qs1_A
4e0x_A,2pbw_B
3s2v_B,3fvn_B
3s2v_B,3fvn_A
3s2v_B,3fvk_B
3s2v_B,4bdn_A
3s2v_B,2ojt_B
3s2v_B,3fvg_A
4e0x_A,2pbw_A
4e0x_A,2f35_A
4e0x_A,2f35_B
3s2v_B,3fvg_B
4e0x_A,1vso_A
3s2v_B,3gbb_A
4e0x_A,3gbb_B
4e0x_A,2f34_A
2f36_A,2xxt_A
2f36_A,2znu_A
2f36_A,5m2v_A
2f36_A,4bdo_A
2f36_A,4bdr_A
2f36_A,4bdl_A
1vso_A,2f36_A
3s2v_B,3gbb_B
2f36_A,2qs3_B
4e0x_A,2qs4_A
2f36_A,2qs2_B
3s2v_B,1yae_B
2f36_A,4bdm_A
2f36_A,6l6f_A
3s2v_B,2i0b_A
3fv2_A,2qs3_A
3fv2_A,2qs1_B
2f36_A,1tt1_A
3fv2_A,2qs1_A
3fv2_A,2f34_A
3fv2_A,2f35_B
3fv2_A,2qs4_C
3fv2_A,2qs4_B
3fv2_A,2qs4_A
2f36_A,2qs1_B
1ycj_B,2pbw_B
3c31_A,2f36_A
3fv2_A,1vso_A
3s2v_B,5mfw_A
3s2v_B,5mfw_B
3s2v_B,1yae_C
3s2v_B,3fvk_A
3s2v_B,2xxx_B
3s2v_B,2wky_B
3c32_A,1fto_A
3fv2_A,2qs2_B
4e0x_B,1fto_A
4e0x_A,1fto_A
3s2v_B,2xxx_C
3fv2_A,2qs2_A
3fv2_A,2qs3_B
3fv2_A,2f34_B
3fv2_A,2qs4_D
3s2v_B,5mfv_A
3s2v_B,5mfv_B
2f36_B,4qf9_B
3s2v_B,3c33_B
3s2v_B,3c34_A
3s2v_B,3c34_B
3s2v_B,3c32_A
3s2v_B,4qf9_A
2f36_A,3c34_A
3s2v_B,3c32_B
3s2v_B,2i0b_B
3s2v_B,2i0b_C
3s2v_B,2i0c_A
3s2v_B,2i0c_B
3s2v_B,2xxu_A
3s2v_B,2xxu_B
3s2v_B,2xxw_B
3s2v_B,2xxx_A
3s2v_B,2xxy_A
3s2v_B,2xxy_B
3t9v_A,1ftj_B
3s2v_B,2xxy_C
3s2v_B,4bdm_C
3s2v_B,2xxy_D
3s2v_B,4bdn_D
3s2v_B,4bdo_B
3s2v_B,4bdq_A
3s2v_B,4bdm_A
2f36_A,4e0x_A
2f36_A,4e0x_B
3s2v_B,2xxx_D
3s2v_B,2xxw_A
3s2v_B,3fv2_A
3s2v_B,3fv2_B
3s2v_B,1yae_D
3s2v_B,1yae_E
3s2v_B,1yae_F
3s2v_B,1s7y_A
3s2v_B,2xxr_A
3s2v_B,2xxr_B
2f36_A,4h8i_A
3s2v_B,1tt1_A
2f36_A,4h8i_B
3s2v_B,3u94_A
3s2v_B,3u94_B
2f36_B,2f35_A
3s2v_B,4mh5_A
2f36_A,6jfz_A
2f36_C,2f35_A
2f36_D,2f35_A
3s2v_B,4nwd_A
1ycj_B,2f35_A
2f36_A,6jfz_B
3s2v_B,4igr_A
3s2v_B,3s2v_A
3s2v_B,1vso_A
3s2v_B,2qs4_C
3s2v_B,2qs4_D
3s2v_B,4mf3_A
3s2v_B,4mf3_B
3s2v_B,2f35_A
3s2v_B,2f35_B
3s2v_B,2f34_A
3s2v_B,2f34_B
3s2v_B,3fv1_A
3s2v_B,2qs1_A
3s2v_B,2qs1_B
3s2v_B,4e0x_A
3s2v_B,4e0x_B
3s2v_B,3u92_A
3s2v_B,2znu_A
3s2v_B,1yae_A
3s2v_B,3gba_A
2zns_A,2qs4_A
2zns_A,2qs4_B
2zns_A,2qs1_A
2zns_A,2qs2_A
6fqh_B,1ftj_A
3s2v_B,4nwc_A
4l17_G,1ftj_B
4l17_E,1ftj_B
4l17_C,1ftj_B
4l17_A,1ftj_B
3s2v_B,4h8i_B
2f36_A,4qf9_A
3c32_A,3fvg_A
2f36_A,4qf9_B
2f36_A,4qf9_C
3c32_A,2qs4_A
2f36_A,2ojt_A
3c32_A,2qs3_A
3c32_A,2qs2_A
3c32_A,2qs1_A
2xxr_B,4h8i_B
2f36_A,2ojt_B
3s2v_B,2xxt_B
3s2v_B,3qxm_B
3s2v_B,1s9t_A
2f36_B,2xxt_A
3s2v_B,1s9t_B
2f36_B,4h8i_A
3s2v_B,3u94_D
3s2v_B,4g8n_A
3s2v_B,3u92_B
2f36_B,2xxr_A
2f36_B,4e0x_A
2f36_B,2xxt_B
1lb9_B,1ftj_B
3t9v_B,1ftj_B
3s2v_B,4e0w_A
3s2v_A,2f36_A
3s2v_B,2f36_A
3s2v_B,4dld_B
3s2v_B,2qs4_A
3s2v_B,2qs4_B
3s2v_B,2ojt_A
3s2v_B,3c31_B
3s2v_B,3c33_A
6fz4_A,2f36_A
5kuf_A,1yae_A
5kuf_A,6jfz_A
1yae_A,2f36_A
2xxr_A,1fto_A
1yae_C,1s50_A
4h8i_B,2f36_B
1yae_B,1s50_A
2xxr_A,5mfq_A
4mh5_A,3u92_B
1s50_A,1fto_A
1yae_A,1s50_A
2xxr_A,1yae_A
2xxr_A,6fz4_A
2xxr_A,4qf9_B
2xxr_A,4qf9_A
4h8i_B,1ycj_A
2xxr_A,2xxt_A
4mh5_A,4e0x_A
2xxr_A,4h8i_A
4h8i_B,4mh5_A
2xxr_A,4h8i_B
1yae_E,1s50_A
4mh5_A,6jfz_D
4h8i_B,1yae_A
4mh5_A,6jfz_A
2xxt_A,6fz4_A
1yae_F,1s50_A
2xxt_A,1fto_A
4h8i_B,4h8i_A
4mh5_A,6jfz_C
4mh5_A,6jfz_B
1yae_D,1s50_A
3u92_A,1fto_A
3u92_B,1fto_A
3u94_A,1fto_A
4e0w_A,1fto_A
3u94_B,1fto_A
5nf6_A,4eow_H
4kcc_A,1y1z_A
4kcc_A,1pbq_A
4kcc_A,1y1m_A
4kcc_A,1pb9_A
4nf4_A,4nf8_A
4kcc_A,4nf8_A
4nf5_A,4nf6_A
4kcc_A,4nf6_A
4kcc_A,1pb8_A
4kcc_A,4nf5_A
4kcc_A,4kfq_A
4kcc_A,4nf4_A
4kcc_A,2a5t_A
2a5t_A,4nf4_A
4kcc_A,1y20_A
4nf5_B,4jwy_A
4nf5_B,4nf8_B
4nf5_B,4nf6_B
4nf5_B,3oem_A
4nf5_B,4nf4_B
4nf5_B,4jwx_A
4nf5_B,2a5s_A
4nf5_B,2a5t_B
4nf5_B,3oen_A
4nf5_B,3oel_A
1ftm_C,1my3_C
2cmo_B,1n0t_B
2cmo_B,1n0t_C
2cmo_B,1n0t_D
1ftj_A,2cmo_A
1ftm_C,1my3_A
1ftm_C,1my4_B
1ftm_C,1my4_C
1ftj_C,1my4_C
1ftj_C,1mqg_B
1ftj_C,1mqi_A
1ftj_C,1mqh_A
1ftj_A,1syh_A
1ftj_A,1n0t_D
1ftj_A,1n0t_B
1txf_A,1vso_A
1txf_A,2znt_A
1txf_A,2qs4_D
1ycj_A,2f35_A
1txf_A,2qs4_C
1txf_A,2qs4_B
1txf_A,2qs4_A
1txf_A,2qs3_B
1txf_A,2qs3_A
1txf_A,2qs2_B
1fto_A,1my4_A
1txf_A,2qs2_A
1txf_A,2qs1_B
1txf_A,2qs1_A
1ftj_C,1my3_A
1ftj_C,1my4_A
1ftj_C,1mqg_A
1ftj_C,1mqj_A
1ftk_A,1mqh_A
1txf_A,2f35_B
1txf_A,2f34_B
1txf_A,2f34_A
1mqi_A,1mqg_A
1ftm_A,1fto_B
1ftm_A,1my3_A
1ftm_A,1ftk_A
1fw0_A,1ftm_A
1fto_B,1mqg_B
1ftj_A,1ftl_B
1fto_A,1ftk_A
1ftj_A,1n0t_C
1ftj_A,1n0t_A
1fto_A,1gr2_A
1fto_A,1lb8_A
1fto_A,1lb9_A
1fto_A,1lbb_A
1fto_A,1lbc_A
1lb9_A,1ftj_B
3b7d_H,1ftj_B
3b7d_G,1ftj_B
3b7d_F,1ftj_B
3b7d_E,1ftj_B
3b7d_D,1ftj_B
3b7d_C,1ftj_B
3b7d_B,1ftj_B
3b7d_A,1ftj_B
1fto_A,1m5d_A
1fto_A,1m5f_B
1ycj_A,2f34_A
1fto_A,1ms7_A
1fto_A,1my2_A
1fto_A,1my3_A
1fto_A,1nnp_A
1fto_A,1p1q_A
1fto_A,1syi_A
1fto_A,1xhy_A
1fto_A,2al4_A
1fto_A,2al4_B
1fto_A,2al4_C
1fto_A,2al5_A
1fto_A,2al5_B
1fto_A,2anj_A
1fto_A,2aix_A
1fto_A,1n0t_D
1fto_A,1mqi_A
1fto_A,1mqg_B
1fw0_A,1fto_A
1fto_A,2cmo_B
1fto_A,2gfe_A
1fto_B,1ftm_B
1fto_A,2gfe_C
1fto_A,2i3v_A
1fto_A,2i3v_B
1ftj_A,1fto_A
1fto_A,2i3w_A
1fto_A,1ycj_A
1fto_A,1s7y_A
1fto_A,1sd3_A
1fto_A,2i0c_A
1fto_A,1mm6_B
1fto_A,1mm6_A
1fto_A,1mxu_A
1fto_A,1p1n_A
1fto_A,1p1o_A
1fto_A,1p1u_A
1fto_A,1p1w_A
1fto_A,1nnk_A
1ycj_A,4qf9_A
1fto_A,1mqj_A
1fto_A,1mqh_A
1fto_A,1mqg_A
1fto_A,1syh_A
1fto_A,1wvj_A
1fto_A,2al4_D
1fto_A,2cmo_A
1fto_A,2gfe_B
1fto_A,2i3v_C
1fto_A,2i3w_B
1fto_A,2uxa_A
1fto_A,2uxa_C
1fto_A,1s9t_A
1fto_A,1mqd_C
1fto_A,1mqd_A
1fto_A,1tt1_A
1fto_A,1txf_A
1fto_A,2i0b_A
1fto_A,1mm7_B
1fto_A,1m5e_C
1fto_A,1m5b_C
1fto_A,1m5e_A
1fto_A,1m5b_A
1fto_A,1ftl_B
1fto_A,1ftj_C
1fto_A,1ftm_C
1mqg_A,1mqg_B
1fto_A,1mqd_D
2cmo_B,2cmo_A
1fto_A,1mqd_B
1fto_A,1mm7_C
1fto_B,1ftj_B
1fto_A,1mm7_A
1fto_A,1m5c_A
1fto_A,1m5e_B
1fto_A,1m5b_B
1fto_A,1ftm_B
1fto_A,1ftl_A
1fto_A,1ftj_B
1fto_B,1mqg_A
1fto_A,1my4_B
1fto_A,1my4_C
1fto_B,1mqi_A
1ycj_A,3c32_A
1ycj_A,3c32_B
1ftj_A,1fto_B
1s7y_A,4h8i_B
1s7y_A,4h8i_A
1s7y_A,1yae_A
1mqg_A,2uxa_A
2anj_A,1mm6_A
1fto_A,3b7d_B
1fto_A,3b7d_A
1fto_B,1ftm_C
1tt1_A,1s50_A
1tt1_A,1s7y_A
1tt1_A,1txf_A
1ftj_A,1ftl_A
1fto_B,1p1o_A
1fto_A,1p1u_B
1fto_A,1ftm_A
1fto_B,1p1u_B
1fto_B,1p1u_A
1fto_A,1p1q_C
1fto_B,1p1q_A
1fto_B,1p1q_B
1fto_B,1p1q_C
1ycj_A,2qs1_A
1fto_A,3b7d_C
1fto_A,3b7d_D
1fto_A,3b7d_E
1ycj_A,4e0x_A
1fto_A,3b7d_F
1fto_A,3b7d_G
1ycj_A,2qs2_A
1fto_A,3b7d_H
1ycj_A,1vso_A
1ycj_A,2qs3_A
1ycj_A,2qs4_A
1ycj_A,2pbw_B
1ycj_A,2f34_B
1ftj_B,1fto_A
1my3_C,1fto_A
1ycj_A,2pbw_A
1ftk_A,1ftj_A
1fto_A,1fto_B
1fw0_A,1ftj_A
1ftm_C,1my4_A
2cmo_B,1n0t_A
6x16_A,6x17_B
5tgt_A,1g59_A
5tgt_A,1gln_A
5tgt_A,1n78_A
4kpt_B,6fxg_A
4la9_A,6fxg_A
4kpt_A,6fxg_A
6fxg_A,4kr5_A
4kpt_A,4la9_A
1ggg_A,2q2a_A
1ggg_B,1wdn_A
1wdn_A,1ggg_A
6r4e_A,6r4e_B
1ecc_B,1ecf_B
1nyl_A,1o0b_A
1nyl_A,1o0c_A
1nyl_A,1gtr_A
1nyl_A,1qtq_A
1euy_A,1nyl_A
1g59_C,1gln_
1g59_C,1gln_A
1n78_B,1gln_A
1n77_A,1n75_A
1g59_A,1j09_A
1aba_,1aaz_B
4ai6_A,4ai6_B
2c3n_A,2c3q_A
1m0w_A,1m0t_A
1dc6_A,5za0_A
1dc6_A,1gae_O
1dc6_A,1gad_O
1dc5_B,1gae_O
1dc5_B,5za0_A
5jyf_A,5jy6_A
3lc7_Q,3lc2_P
1coz_B,1n1d_A
1coz_A,1n1d_A
1jqa_A,1jq5_A
1glj_O,1gla_G
1glj_Y,1glj_O
2d4w_A,1bu6_Y
2p3r_A,2p3r_G
2d4w_A,1glj_O
2d4w_A,1bu6_O
2d4w_A,1glj_Y
1bwf_O,1bwf_Y
2d4w_A,1gla_G
2p3r_A,2p3r_E
2b4l_A,2b4m_A
3ppo_A,3ppn_A
3ppn_A,3ppp_A
3r6u_A,6eyh_A
3r6u_A,5nxy_A
3ppn_A,3r6u_A
3r6u_A,6eyg_A
1bhj_A,1nbh_A
3jad_A,3jae_A
3jae_A,3jaf_A
3jad_E,3jae_E
3jaf_A,3jad_A
3jad_B,3jae_B
1gpb_A,1gpa_C
1gpa_B,8gpb_
9gpb_A,1gpb_
1gpa_A,8gpb_
1gpb_,1gpa_A
1gpb_,1gpa_B
1gpb_,1gpa_C
3nb0_B,4kqm_C
3o3c_A,3nb0_A
3nb0_C,4kqm_C
3nb0_C,3naz_A
3nb0_A,3naz_A
3naz_B,4kqm_C
3nb0_A,4kqm_C
3nb0_C,4kq1_C
3d1j_A,2r4t_A
3d1j_A,2qzs_A
1rzu_A,3guh_A
7ec1_A,7ec3_A
7vfk_A,7vfl_A
5e9t_A,5e9u_A
1pnv_A,1pnv_B
1pn3_A,1pn3_B
4rie_A,4rif_A
4rie_A,4rii_B
2pme_A,2zt6_A
2pme_A,2zt5_A
2pmf_A,2zt7_A
2pme_A,2zt7_A
2gcg_A,2cuk_D
2cuk_A,2dbq_A
2gcg_B,2wwr_A
2wwr_A,2gcg_A
2wwr_A,2wwr_D
2gcg_B,2wwr_B
2gcg_C,2wwr_C
2gcg_D,2wwr_D
2gcg_A,2cuk_A
4wim_A,4wio_A
3syq_A,3syp_A
3nyn_A,2acx_A
3sf4_A,4g2v_A
1aon_H,2c7e_A
1gru_N,2c7e_G
1xck_N,1aon_G
2c7e_G,2c7e_H
1aon_A,1aon_I
1aon_A,1gr5_H
1kp8_A,1aon_F
1aon_A,1aon_N
1aon_A,1aon_H
1aon_A,1oel_A
1kp8_A,1kp8_B
1aon_A,1kp8_A
1gr5_H,2c7e_A
1ss8_A,1sx3_A
1kp8_F,1pcq_A
1gri_A,1fyr_A
1fyr_A,1fyr_C
1fyr_A,2h5k_A
4kqm_A,4kqm_C
1zd8_A,2ak3_B
1zd8_A,1ank_A
1zd8_A,2ak3_A
2ak3_B,2eck_B
2ak3_B,2eck_A
1zd8_A,4ake_B
1zd8_A,1ake_A
3cb4_A,3cb4_C
3cb4_C,3cb4_E
1byu_A,1rrp_A
2b18_A,2gx5_C
1agr_A,1gp2_A
1agr_A,1gg2_A
3sn6_A,1azt_A
1ex6_B,1ex7_A
2f3t_F,2f3t_C
1s96_A,2an9_A
1s96_A,2f3r_A
1ex6_A,1znw_A
2anb_A,2f3t_C
2qor_A,1z6g_A
1ex6_A,1gky_A
1s96_B,2f3r_A
1s96_A,2anb_A
1s96_B,2anb_A
1s96_B,2an9_A
1ex6_A,1ex7_A
1ex6_B,1gky_A
4prv_A,4pu9_A
1ad5_A,1qcf_A
4qjb_A,4qjb_B
3o8b_A,3o8r_A
1xml_A,1xmm_B
1xmm_A,1xml_A
1do0_B,1do0_C
1do2_B,1g41_A
1do0_A,1do0_B
1do0_A,1do0_C
4b9q_A,1dkg_D
3q6n_A,1usu_A
3pry_A,1usu_A
3pry_C,1usu_A
3pry_B,1usu_A
5ggr_H,5ggq_H
8ohm_A,1cu1_A
1pjr_,2pjr_A
1pjr_,3pjr_A
2pjr_A,3pjr_A
1je5_B,1je5_A
1hgh_B,1qu1_F
1htm_B,3hmg_B
1hgf_B,1htm_B
1htm_D,2viu_B
1htm_D,3hmg_D
1htm_F,3hmg_F
1ken_B,1htm_F
1ken_B,1htm_B
1irm_C,1ix3_A
3nu1_A,3md9_A
2j0p_A,2j0r_A
1it2_A,1it2_B
1abw_A,1aby_A
2hbs_D,2hhb_D
1jmj_A,1jmo_A
1shy_B,2uzx_B
3eas_A,3eaq_A
3eas_A,3eaq_B
3eas_B,3eaq_B
2e2o_A,2e2q_A
2e2n_A,2e2o_A
3o4w_A,3o6w_A
2e2n_A,2e2q_A
3b8a_X,1ig8_A
2yhx_A,1hkg_A
1dgk_N,1hkc_A
1dgk_N,1qha_A
2prs_A,2ps9_A
2ps3_A,2prs_A
2ps3_A,2ps0_A
2prs_B,2ps0_B
2ps3_B,2ps0_B
1hia_I,1bx7_A
4u7n_B,4u7o_B
4uy5_A,4uy6_A
4g85_A,4g84_B
3cq5_A,3cq6_A
3cq4_A,3cq5_A
3cq4_A,3cq6_A
3hri_A,3lc0_A
1kx5_A,1kx5_E
3idx_G,3hi1_G
1hhp_,4hvp_A
3phv_,4phv_B
1hmv_A,1fk9_A
1dtt_A,1dlo_A
1dtt_A,1dlo_B
1dtq_A,1dlo_A
1hsi_B,1hsh_D
3rl1_A,3rl2_A
1ebf_A,1ebf_B
2ejw_A,6a0s_A
1rku_B,1rkv_A
1d0n_A,1h1v_G
1kq1_A,1kq2_A
4l7z_A,4l80_C
4l7z_A,4l80_D
4l7z_A,4l80_A
4l7z_B,4l80_E
4l7z_A,4l80_E
1q14_A,1q1a_A
2f97_A,2f78_A
2h99_A,2f78_A
2f7a_A,2f7a_B
2f7b_A,2f7c_A
2h98_A,3glb_A
4wls_A,4wlw_A
3gn5_A,3o9x_A
3loc_A,4jyk_A
3eiw_A,3li2_A
3eml_A,2ydo_A
3eml_A,2rh1_A
2uwn_A,2w80_B
2uwn_A,2w80_A
1hcl_A,3py1_A
6bmn_A,6bmn_B
6bml_A,6bml_B
1aid_A,1hsg_A
1dlo_A,3mee_A
1dlo_A,1rth_A
1dlo_A,1dlo_B
1dlo_A,1bqm_A
1dlo_A,3hvt_A
1dlo_A,2hmi_A
1bj5_A,7mbl_A
1bm0_A,1e7h_A
1bm0_A,8ey5_A
1bj5_A,1bm0_A
1bj5_A,1ao6_A
1egu_A,1f1s_A
1loh_A,2brw_A
1w72_M,2g75_B
6g1d_A,6g1d_B
6g1b_J,6g1d_A
3ba1_A,3baz_A
1f3o_A,1l2t_A
1nxu_A,1s20_A
1oj7_A,1oj7_C
1v71_A,2zr8_A
1wtc_A,2zr8_A
2fsj_A,2fsk_A
2fsj_A,2fsn_A
1jt0_A,1jup_A
1jt0_B,1jus_A
1jt0_A,1jum_A
1jt0_A,1jt6_A
1jt0_A,1rkw_A
1jt0_A,1qvu_A
1jt0_A,1jtx_A
1jt0_A,1rpw_A
1jt0_B,1jum_A
1jum_A,1jt0_D
1jt0_A,1jus_A
1jty_A,1jt0_A
1jt0_A,2dtz_A
1gz0_D,1gz0_F
1z7g_C,1hmp_A
1mkm_A,1mkm_B
2fd6_L,1e6j_L
1f6a_B,4ezm_A
4j4p_B,1o0v_B
2wqr_A,1f6a_B
1o0v_B,4ezm_B
1o0v_B,1f6a_B
1o0v_B,4ezm_A
1q0x_L,1q0y_L
1ggc_H,1ggi_H
1ggc_L,1ggi_M
1hil_A,1him_H
1igt_B,1igt_D
1igt_A,1igt_C
3ay4_A,2dts_A
3ay4_A,4w4o_A
4b7i_A,4q7d_A
4b7i_A,4j12_A
1i1c_B,1i1a_D
1emt_L,1r24_C
2a6i_A,2a6j_L
3dnk_A,4byh_A
3pv6_A,6yjp_C
1dee_A,1dee_C
4d3d_B,4d3f_B
5g6r_A,5g6s_A
1gaf_L,1sbs_L
1gaf_L,1yec_L
1gaf_L,1yeg_L
1gaf_L,1axt_L
1gaf_L,1yef_L
1gaf_L,1jgv_L
1gaf_L,1gpo_L
1gaf_L,1l7i_L
1gaf_L,1dqm_L
1gaf_L,1d6v_L
1gaf_L,1ngz_A
1gaf_L,1kel_L
1gaf_L,1ngx_L
1gaf_L,1d5i_L
1gaf_L,1cr9_L
1gaf_L,2rcs_L
1gaf_L,1rz7_L
1gaf_L,1clo_L
1a4j_B,1a4k_H
1mcp_L,1nca_L
1mco_H,1igt_D
1mco_H,1igt_B
2mcg_1,2mcg_2
1o0v_A,1f6a_B
1o0v_A,4j4p_A
2vis_A,1gig_L
1jvk_A,1jvk_B
1bk5_A,1bk6_A
1bk5_A,1ee4_A
1f59_A,1ibr_B
1f59_A,1gcj_A
2bku_B,2bpt_A
1ukl_A,1ukl_B
1qgk_A,1ukl_A
6wx8_A,6wx7_A
5tbk_A,6bvz_A
6bvz_A,6wx8_A
3lww_A,3lww_C
4kik_B,3qa8_A
3quq_A,3qu2_A
3d63_A,3gvf_A
1i40_A,1i6t_A
3quq_A,3qx7_A
2car_A,2j4e_B
3nt2_A,3mz0_A
3nt2_B,3mz0_A
4o4b_B,4o4e_A
4o4b_B,4o4f_A
4o4b_B,4o4c_A
2czk_A,2czh_A
6jk8_A,6jk8_B
6jk8_B,7v3p_B
7s0q_A,7xgd_B
7u23_E,7v3p_A
1p14_A,1gag_A
1irk_A,1p14_A
1irk_A,1luf_A
1lbh_A,1efa_A
1lbh_A,1lbh_D
1lbh_A,1lbh_C
1tye_B,1jv2_B
3fcs_B,3fcu_B
1d9c_A,1d9g_A
2a1a_B,2a19_C
2a1a_B,2a19_B
1tqd_A,1tq6_A
1itb_B,1g0y_R
1itb_B,1ira_Y
4jzj_C,4jzj_D
1s3r_A,4bik_A
6lsu_A,6lst_A
1a74_A,1evx_A
2f35_A,1yae_F
2f35_A,1txf_A
2f35_A,1vso_A
2f35_A,2pbw_A
2f35_A,1s50_A
2f35_A,1s7y_A
2f35_A,1s9t_A
2f35_A,1sd3_A
2f35_A,1tt1_A
2f35_A,1yae_A
2f35_A,2i0b_A
2f35_A,2i0c_A
2qs1_A,2f36_A
2qs3_A,2f36_A
2qs2_A,2f36_A
2qs4_A,2f36_A
2f34_A,1s50_A
2f34_A,1s7y_A
2f34_A,3c32_A
2f34_A,3c32_B
2f35_A,3c32_B
2f35_A,3c32_A
2f35_A,3c31_A
2f35_A,3c31_B
2f35_A,3c33_A
2f35_A,3c33_B
2f35_A,3c34_A
2f35_A,3c34_B
2f35_A,3c35_A
2f35_A,3c35_B
2f35_A,3c36_A
2f35_A,3c36_B
2f35_A,2wky_A
2f35_A,3fvk_B
2f35_A,3fvn_B
2f35_A,3gba_B
2f35_A,3gba_A
2f35_A,3gba_D
2f35_A,3fv1_B
2f35_A,2znt_A
2f35_A,3fvo_B
2f35_A,3fuz_B
2f35_A,3gbb_B
2f35_A,3fvg_A
2f35_A,3fv2_A
2f35_A,2qs4_D
2f35_A,2qs1_B
2f35_A,1yae_B
2f35_A,1yae_E
2f35_A,2xxr_B
2f35_A,2xxu_A
2f35_A,2xxx_A
2f35_A,2xxx_B
2f35_A,2xxx_D
2f35_A,2xxw_A
2f35_A,2xxw_B
2f35_A,2i0b_B
2f35_A,2wky_B
2f35_A,3fvk_A
2f35_A,3fvn_A
2f35_A,2pbw_B
2f35_A,3gba_C
2f35_A,3fv1_A
2f35_A,3fvo_A
2f35_A,3fuz_A
2f35_A,2zns_A
2f35_A,3gbb_A
2f35_A,3fvg_B
2f35_A,3fv2_B
2f35_A,2znu_A
2f35_A,2qs1_A
2f35_A,1yae_C
2f35_A,1yae_D
2f35_A,1s7y_B
2f35_A,2xxr_A
2f35_A,2xxu_B
2f35_A,2xxx_C
2f35_A,2i0b_C
2f35_A,2i0c_B
2f35_A,1tt1_B
2f35_A,2xxt_A
2f35_A,2xxt_B
2f35_A,2xxv_A
2f35_A,2xxv_B
2f35_A,2xxy_A
2f35_A,2xxy_D
2f35_A,1sd3_B
2f35_A,2xxy_B
2f35_A,2xxy_C
2f35_A,1s9t_B
2qs1_A,2qs2_A
4elo_A,4elr_A
1q35_A,1si1_A
1si0_A,1si1_A
1q35_A,1si0_A
1kmp_A,1kmo_A
1pnz_A,1kmp_A
2b3x_A,2ipy_A
2b3x_A,3snp_A
2pt2_A,2pt1_A
2why_A,2wi8_A
2why_A,2phz_A
1d9v_A,1mrp_A
1d9v_A,1mrp_
3log_A,6za4_A
1lwd_A,3mas_A
1sjs_A,4icd_A
1sjs_A,4aj3_A
1lwd_B,3mas_A
1sjs_A,7icd_A
1sjs_A,1xkd_B
1sjs_A,9icd_A
1sjs_A,4ajr_A
1sjs_A,1hj6_A
1sjs_A,3dms_A
4ajr_A,4ajs_A
1sjs_A,3icd_A
3mbc_A,1j1w_A
2qfx_A,2qfw_A
1t0l_A,1t09_A
3inm_A,3map_A
1qu3_A,1ffy_A
2gf7_C,2gfa_B
2ot8_A,2ot8_B
1lrq_A,1jcx_A
4kfc_A,4kny_B
4kfc_B,4kny_A
6p2d_A,3b3l_A
6p2d_A,5wbp_B
6p2d_A,5wbq_A
6p2d_A,5wbr_A
6p2d_A,5wbr_B
6p2d_A,5wbp_A
6p2d_A,5wbz_B
6p2d_A,5wbz_A
3nbv_B,2hw1_A
6p2d_A,5wbo_A
6p2d_A,5wbo_B
6p2d_A,5wbm_B
6p2d_A,5wbm_A
2hlz_B,3nbv_B
2hlz_A,3nbv_B
2hlz_D,3nbv_B
3b3l_A,3b3l_B
3nbv_A,3nbv_B
6p2d_A,2hqq_A
6p2d_A,2hlz_D
6p2d_A,2hlz_C
6p2d_A,2hlz_B
6p2d_A,2hlz_A
6p2d_A,3ro4_B
6p2d_A,5wbq_B
6p2d_A,3ro4_A
6p2d_A,3qa2_A
6p2d_A,3qa2_B
6p2d_A,3qai_B
6p2d_A,3qai_A
6p2d_A,3q92_B
6p2d_A,3q92_A
6p2d_A,3nc9_B
6p2d_A,3nc9_A
6p2d_A,3nc2_B
6p2d_A,3nc2_A
6p2d_A,3nca_B
6p2d_A,3nca_A
6p2d_A,3nbw_B
6p2d_A,3nbv_A
6p2d_A,3nbw_A
6p2d_A,2hw1_A
6p2d_A,3b3l_D
6p2d_A,3b3l_C
6p2d_A,3b3l_B
6p2d_A,3nbv_B
3ulk_A,1yrl_A
6kpa_A,6kph_A
2ofp_A,2ofp_B
1bg2_A,1mkj_A
3zfw_B,3ceq_A
3zfw_B,3ceq_B
1q0b_A,1ii6_A
1i5s_A,1vfv_A
1i5s_A,1vfw_A
2qks_A,2qks_B
7ysw_A,7ysu_A
7ysh_A,5w21_A
7ysw_A,5w21_A
4j90_A,4j91_A
1f14_B,1f0y_B
1f14_B,1il0_B
1f14_B,1m75_A
1f14_B,1m75_B
1f14_A,1f0y_A
1l8l_A,1l8o_B
1efa_A,1efa_B
1lbi_A,1lbi_C
1ce2_A,1biy_A
1dsn_,1lfg_
1dsn_,1cb6_A
1dsn_,1eh3_A
1dsn_,1lfh_
1lfh_A,1lfi_A
1lfh_,1lfg_
1lfh_A,1lfg_A
1bka_A,1cb6_A
1bka_,1cb6_A
1ce2_A,1biy_
1lfg_,1cb6_A
2p9h_A,1efa_A
2v8n_A,4oaa_B
1pjb_A,1pjc_A
2fm1_A,2fm1_D
3ktq_A,4ktq_A
2p2d_A,2him_A
2p2d_A,2him_C
1ulk_A,1ulk_B
1uln_A,1uha_A
1uha_A,1ulm_A
1yqy_A,1pwv_A
1yqy_A,1jky_A
1yqy_A,1pww_A
1j7n_A,1yqy_A
2liv_A,1z15_A
4kt1_A,4li1_A
4bsu_A,4li1_A
1g0x_A,1p7q_D
1h3n_A,1obc_A
1z15_A,1z17_A
1z15_A,1z16_A
1z15_A,1z18_A
1ygu_A,1ygu_B
1p7q_D,1ugn_A
2xpy_A,2xq0_A
5ggr_L,5ggq_L
5ysb_A,5ysf_A
5ysb_A,5yse_A
5ysb_A,5ysd_A
6mfz_A,5es5_A
6mfz_A,6mfz_B
1trh_A,1lpm_A
1crl_A,1trh_A
2es4_D,2es4_E
1hlg_A,1k8q_A
5n7z_A,6y6i_A
6y6g_A,6y6i_A
5n7z_A,5n80_A
2h1h_A,2gt1_A
2h1h_B,2gt1_A
2gt1_A,2h1f_B
6cva_A,3ir1_A
6cva_A,6oja_A
8adh_A,2ohx_A
8adh_A,6adh_A
6adh_A,8adh_
6adh_A,7adh_
1a71_A,1a72_
2v6m_A,2v7p_A
1bjm_A,1bjm_B
3bjl_B,1bjm_A
3bjl_A,3bjl_B
4bjl_A,1bjm_A
4bjl_A,4bjl_B
1ult_B,1v25_A
1ult_A,1v26_A
1ult_A,1v25_A
3adb_A,3a4l_B
3adb_B,3a4l_B
3adb_B,3a4m_A
3adc_B,3a4l_B
3add_A,3a4m_A
3adc_B,3a4m_B
3add_B,3a4l_A
1ba3_A,1lci_A
1lci_,1ba3_
1lci_A,2d1r_A
4g36_A,4g37_A
4ava_A,4avb_A
2lao_A,1laf_E
2lao_A,1lst_A
2lao_A,1lst_A
1lah_E,2lao_
1laf_E,2lao_
1lag_E,2lao_
1lst_,2lao_
2j0x_A,2j0w_A
2dw4_A,2uxn_A
2dw4_A,2iw5_A
2uxx_A,2z5u_A
1p7s_A,1lw9_A
3guk_A,172l_A
3dmv_A,150l_C
3dmv_A,173l_
1jse_,1lzy_
1p7s_A,1cuq_A
2lzm_,150l_A
2lzm_,150l_D
150l_C,150l_D
3lzm_,150l_A
1l96_,1l97_A
150l_A,150l_B
150l_A,150l_C
150l_A,150l_D
114l_,151l_
3fxq_B,3fzj_B
5ae5_A,5ae5_B
1ixc_A,1iz1_A
1utb_A,2y7p_A
1iz1_A,1iz1_B
2y7r_A,2y7p_A
2y7r_A,2y7k_A
1ldm_A,6ldh_A
1kwh_A,1j1n_A
1go4_E,1go4_F
4p0u_B,4p0e_B
4p0u_A,4p0e_A
3ci5_A,1hlu_A
1ok8_A,1oke_A
1ok8_A,1oan_A
1oke_A,3p54_A
1ok8_A,1tg8_A
3hak_A,3hj5_B
1i4m_A,3hak_A
7lna_A,7td6_A
3hjx_A,3hak_A
3hak_A,3haf_A
3hak_A,3hj5_A
1uxk_A,1mdr_A
3hl0_A,3hl0_B
4fut_A,4fuq_A
3mbp_A,1jw4_A
1lls_A,3mbp_A
1lls_A,1anf_A
1mdp_2,2obg_A
2gha_A,2ghb_C
2gha_A,2ghb_B
2gha_A,2ghb_A
4jkm_D,6lf3_A
1n3w_A,1peb_A
1nl5_A,1peb_A
5edu_A,5edu_B
6dtt_A,6dtu_A
6dtt_A,6dts_A
6dtq_A,6dtr_A
2xd2_A,2xd3_A
3rlf_A,3pv0_A
1q12_A,1q1b_A
1q1e_A,1q12_A
1q1e_A,1q1b_A
1q12_D,2awo_D
1g29_1,1g29_2
2r6g_F,3puz_F
2r6g_F,3pv0_F
2r6g_F,3fh6_F
4roq_A,4l9z_E
4roq_A,4l9z_D
4roq_A,4l9z_A
4roq_A,4l9y_F
4roq_A,4l9z_C
4roq_A,4l9z_F
4roq_A,4l9y_A
4roq_A,4l9y_C
4roq_A,4l9z_B
5hx7_A,5jpd_A
5hx7_A,5i4k_A
1k20_A,1i74_B
1k20_A,1k23_A
1k20_A,1k23_C
1k23_A,1wpm_A
1k20_A,1k23_B
1k23_A,1k23_B
1k20_B,1k23_B
1k20_B,1i74_B
1lj8_A,1m2w_B
1lj8_A,1m2w_A
2x65_A,2x5s_A
1nxk_A,1ny3_A
1p38_A,1cm8_A
2ec8_A,2e9w_A
1kxr_A,1ziv_A
1df0_A,2ary_A
1df0_A,1kxr_A
1kxr_A,1kfu_L
1kfx_L,2ary_A
1dcl_A,1dcl_B
2etx_B,3k05_A
2etx_A,3k05_A
1ckl_D,1ckl_F
5kzq_A,5kzn_A
4xaq_A,5kzn_A
4xaq_A,5kzq_A
4xaq_A,5cnj_A
3sm9_A,1ewk_A
6n4x_A,3lmk_A
6n52_A,6n51_A
6n52_B,6n51_B
3mq4_A,5c5c_A
6bsz_A,6e5v_A
1ewt_A,1isr_A
1ewk_A,1ewk_B
1iss_A,1ewk_A
2e4u_A,2e4y_A
1ewk_B,2e4u_A
2e4u_A,3sm9_A
1ewk_B,1ewt_A
1ewk_A,1ewt_A
1ewk_B,1ewt_B
2e4u_A,2e4u_B
1ewk_B,2e4u_B
1ewk_A,3ks9_A
1ewk_B,3lmk_A
1ewk_B,4xar_A
1ewt_A,1ewt_B
1ewv_A,1ewv_B
1ewk_B,5c5c_A
1ewv_A,1ewk_B
1ewv_B,1ewk_B
1ewt_A,1ewv_A
1ewt_B,1ewv_B
4xar_A,3sm9_A
4xar_A,6b7h_A
1iss_A,1ewv_A
1iss_B,1ewv_B
1isr_A,1ewk_B
3lmk_A,6n52_A
3lmk_A,6n4y_A
1ewk_A,1ewt_B
4xar_A,5cnm_A
1ewt_A,1iss_A
3ks9_A,1isr_A
3hwk_A,3hwk_C
1dib_A,1a4i_B
1dib_A,1dib_B
1lu9_A,1lua_A
2xij_A,2xiq_A
5f8c_C,5f8f_B
5f8c_C,5f8e_B
4kif_A,4kic_A
2yvy_A,2yvz_A
1ydp_A,2dyp_A
1ddh_A,2mha_A
1ddh_A,1vac_A
1qo3_A,1ddh_A
1ddh_A,2vaa_A
1ddh_A,1bii_A
1vac_A,2mha_A
1akj_A,2clr_D
1f3j_B,1es0_B
1mi5_A,1mi5_D
1cz7_C,1n6m_B
1cw3_H,1nzw_B
1zum_A,1cw3_H
1cw3_A,1zum_A
2v1t_A,2v1s_A
3hv7_A,3iw5_A
3py3_A,1cm8_A
3lfb_A,3gcp_A
3lfb_A,3iw5_A
2y8o_A,1p38_A
3hl7_A,4e5b_A
3elj_A,1ukh_A
1wfc_A,3e93_A
1kmz_A,1kll_A
2onk_A,2onk_B
1h9k_A,1h9m_A
1mdt_A,1ddt_A
1mdt_A,1ddt_
1u7f_A,1mjs_A
1ckm_A,1ckm_B
1ckm_A,1ckn_B
1cko_A,1ckm_B
1st0_B,1st0_A
3nm4_A,3nm5_A
1nc1_A,1jys_B
1jys_A,1nc3_A
1bqs_A,1gsm_A
1qxp_A,2ary_A
5o66_F,5v5s_F
5o66_G,5v5s_G
7a6e_A,6ujw_A
1vf7_M,1t5e_H
2v4n_A,4gad_B
2v4n_A,4gad_A
5h3r_A,3vod_A
2azo_A,2azo_B
1b63_A,1bkn_A
1r2y_A,1r2z_A
6jky_A,5suj_A
2in4_A,1hrm_A
1fmw_A,1mnd_A
1vom_A,2aka_A
1br2_A,1br1_A
1br1_D,1br1_F
1br1_E,1br1_G
1br2_C,1br1_C
1vom_A,1mmg_A
1br1_C,1br1_E
1br1_F,1br1_H
1br4_H,1br1_F
1br1_B,1y6w_A
1mma_,1vom_
1fmw_A,1vom_A
1br2_A,1br4_A
1br1_B,1br1_D
1br1_A,1br1_C
1mma_A,1vom_A
2aka_A,1fmw_A
1kk8_C,1kk7_A
1dfl_A,2os8_A
1b7t_A,1dfk_A
1dfl_A,1sr6_A
1b7t_A,1vom_
1dfl_A,1kk7_A
1dfk_A,1dfl_A
3i5h_A,3i5f_A
1qvi_A,1sr6_A
1qvi_A,2mys_A
1qvi_A,1kk7_A
1qvi_A,2ekv_A
1qvi_A,2os8_A
1kk8_A,1qvi_A
1vom_,1fmw_A
1m46_A,1n2d_A
1oe9_B,1w7j_B
1kk8_B,1qvi_Y
1w7j_A,1oe9_A
4zg4_B,1oe9_A
2a38_A,2a38_B
2f8v_C,2a38_C
2a2c_A,2a2d_A
1hm0_A,1hm9_A
8a5z_B,8a3x_B
3i4c_B,1r37_A
1r37_A,1jvb_A
3i4c_B,1r37_B
3i4c_D,1r37_A
3i4c_D,1r37_B
3gls_F,3glu_A
3gls_A,3glt_A
3gls_D,3glt_A
3glu_A,3gls_A
3gls_F,3glr_A
3gls_F,3glt_A
2b4y_A,3riy_A
3k35_A,3zg6_A
3wmx_A,3wmx_C
3wmx_B,3wmw_B
3wmx_A,3wmw_A
3wmx_A,3wmx_B
2nad_B,2nac_B
2nac_A,2nad_A
2nac_A,2nac_B
2nad_A,2nac_B
2nac_A,2nad_B
1qr6_A,1efk_A
1vk6_A,2gb5_A
1y9a_C,2oui_D
1amo_A,3fjo_A
2b0t_A,3mbc_B
2b0t_A,1itw_A
1itw_A,1j1w_A
2b0t_A,1j1w_A
2b0t_A,3mbc_A
1aup_A,1hrd_C
1xta_A,2giz_A
1xx5_B,1xx5_C
3n5f_A,3n5f_B
3g79_A,3g79_B
3tsa_B,3uyk_B
2wim_A,2wim_B
5yhg_A,5yh5_A
5yh8_A,5yh5_A
1uiv_A,3mz9_A
1uiu_A,1uiv_A
1uiv_A,3mw0_A
1zlq_A,1zlq_B
1uiv_A,3mvx_A
1uiv_A,3e3k_A
1uiv_A,3mvy_A
1uiv_A,4i8c_A
1uiu_B,3dp8_B
1uiv_A,3mvz_A
1uiv_A,1zlq_A
1uiv_A,3mvw_A
1uiv_A,3dp8_A
1uiv_A,2noo_A
1l7d_A,2oo5_B
1l7e_C,1l7d_B
2gvl_A,2gvg_A
2g95_A,2g97_B
2g95_A,2g96_B
2g95_A,2g96_A
2g95_A,2g97_A
2g95_B,2g97_B
6buv_B,4ybr_B
4oer_A,4oes_A
1rnl_,1je8_A
1rnl_,1je8_B
1a04_A,1zg5_A
1a04_A,1a04_B
1a04_A,1je8_A
1a04_B,1zg5_B
1df1_A,1df1_B
2eyt_A,2eys_A
5v3h_A,4ynd_A
1pb7_A,4kcc_A
1pb9_A,1pbq_A
1pb7_A,1y1m_A
1pb8_A,1y1m_A
1pbq_A,1pbq_B
1pb7_A,4nf4_A
1pbq_B,1pb7_A
1pbq_A,1pb8_A
1pb7_A,1pbq_A
1pbq_B,1pb8_A
1pb7_A,1y1m_B
2hhc_A,3six_A
7c1k_A,7c1r_A
7c1h_A,7c1l_A
7c1h_A,7c1r_A
4opa_B,4oph_A
4oph_A,4opa_A
2hye_B,5hxb_B
4pow_A,4p0i_A
5txg_A,2jls_A
4k6m_A,5ccv_A
4v0q_A,5u0b_A
4v0q_A,4k6m_B
4v0q_A,4k6m_A
4k6m_A,6qsn_A
5wz3_A,5u04_A
1svc_P,1nfk_B
1owr_M,1pzu_M
2x8a_A,1s3s_C
2x8a_A,3cf2_A
2x8a_A,2ce7_E
2az1_F,2az3_I
2cwk_A,2dxe_A
1jxv_A,2hvd_A
1b4s_A,1pae_X
1s59_F,1s59_C
1fcj_B,1d6s_A
1d6s_A,1oas_A
1fcj_B,1fcj_C
1fcj_A,1d6s_A
1fcj_A,1fcj_B
1fcj_A,1oas_A
1d6s_A,1z7w_A
1wpa_A,1xaw_A
3g7c_A,1xaw_A
5ore_A,5org_A
1ttt_A,1ob5_A
2o7i_A,4jso_A
1vr5_A,4pft_A
1vr5_A,4pfy_A
2o7i_A,4jsd_A
1rkm_,1qka_A
2rkm_A,1rkm_A
1rkm_,2rkm_A
3drf_A,3drk_A
3drf_A,3rya_A
3drf_A,3fto_A
3drf_A,3dri_A
3drf_A,3drh_A
3drf_A,3drj_A
3i58_B,3i53_B
3i53_A,3i53_B
6clw_B,6clx_A
6i70_A,6i72_A
6i5q_A,6i6k_A
2pry_A,2ps1_A
2pry_A,2prz_A
1eix_A,1l2u_A
3gdm_B,1dqx_A
2yyt_A,2yyu_A
1l2u_B,1eix_D
2czd_A,2cze_B
2f84_A,2q8z_A
1pk5_A,1yuc_A
1sw1_A,1sw5_A
1sw2_A,1sw5_A
1sw4_A,1sw5_A
2oy7_A,2hkd_A
1ryx_A,2d3i_A
1aov_A,1dot_A
1iej_A,1tfa_A
1iej_A,1aiv_
1nnt_,1nft_A
4x6g_A,4x6g_D
4x6g_A,4x6g_C
4x6g_A,4x6g_B
2j0i_A,2q0n_A
1nkr_A,1efx_D
1b6u_A,1im9_D
1b6u_A,1efx_D
1b6u_A,2dla_A
2dli_A,2dla_A
2dl2_A,1m4k_A
1nkr_A,1im9_D
1nkr_A,1b6u_A
1nkr_A,2dli_A
1nkr_A,2dl2_A
1e32_A,4ko8_A
4dg8_A,4dg9_A
3ag5_A,3ag6_B
3ag5_B,3ag6_A
3ag5_B,3ag6_B
3ag5_A,3ag6_A
3cov_B,3ivc_A
3sde_A,3sde_B
1mwk_A,1mwm_A
1mwm_B,1mwk_B
1pjr_A,3pjr_A
2v8i_A,2v8j_A
4n58_A,4n59_A
2olu_A,2olv_A
1mwr_A,4cjn_A
1mwr_A,3zg0_A
3oc2_A,3pbn_A
3app_A,2web_A
6hqv_A,6hqv_B
4gf8_A,4gfr_A
1pin_A,1nmv_A
1pin_A,1yw5_A
4odl_A,4odm_C
4odm_D,4odn_A
4odm_D,4odo_A
4odo_A,4odo_C
4odo_B,4odo_C
4odl_A,4odm_B
4odk_A,4odm_A
4odk_A,4odm_B
4odm_B,4odm_C
4odm_B,4odm_D
4odl_A,4odo_B
4odk_A,4odm_D
4odk_A,4odo_A
4odl_A,4odn_A
4odl_B,4odn_A
4odl_B,4odk_A
4odl_B,4odl_A
4odl_B,4odm_A
4odl_B,4odm_B
4odl_B,4odm_C
4odl_B,4odm_D
4odl_B,4odo_A
4odl_B,4odo_B
4odl_B,4odo_C
4odl_A,4odk_A
4odm_A,4odo_B
4odm_B,4odn_A
4odm_B,4odo_B
4odm_C,4odo_A
4odm_C,4odo_C
4odn_A,4odo_C
4odl_A,4odm_A
4odm_B,4odo_A
4odm_D,4odo_B
4odl_A,4odo_C
4odm_D,4odo_C
4odm_C,4odo_B
4odm_B,4odo_C
4odk_A,4odm_C
4odm_A,4odm_D
4odm_A,4odm_C
4odm_A,4odm_B
4odk_A,4odn_A
4odk_A,4odo_B
4odm_A,4odn_A
4odm_A,4odo_A
4odm_A,4odo_C
4odl_A,4odm_D
4odm_C,4odm_D
4odm_C,4odn_A
4odk_A,4odo_C
4odn_A,4odo_A
4odn_A,4odo_B
4odo_A,4odo_B
4odl_A,4odo_A
1pfo_A,1m3i_A
1pfo_A,1m3i_B
5gj3_A,5y8b_A
5xss_X,5xsd_A
5xss_A,5xsj_X
5xss_A,5xsd_A
6q1c_A,6q1d_A
2voz_A,2vp1_A
1d9y_A,1o7t_A
3o9p_A,4toz_A
6dqr_A,6dqq_A
3tcf_A,3tch_A
1rkm_A,2rkm_A
1b0h_A,1rkm_A
1rkm_A,1jet_A
6dqr_A,6dqt_A
6dqr_A,6dtg_A
1b6h_A,1rkm_A
2vpo_A,3gyy_A
2vpn_A,3gyy_A
2c0l_A,2c0m_B
2c0l_A,2c0m_A
2j9q_A,2c0m_B
1foh_A,1foh_C
1foh_A,1foh_D
3qov_A,3qov_B
1mmk_A,1j8u_A
1j8u_A,1kw0_A
2pah_A,2pah_B
3p7i_A,3s4u_A
3s4u_A,3quj_A
3p7i_A,3qk6_A
2i55_A,2i54_A
1qzt_B,2af3_C
1a40_A,1oib_A
4omb_A,4pqj_A
1quk_,1oib_A
1quk_A,1oib_A
1oib_A,1a55_A
4exl_A,4lat_A
1vr6_A,1rzm_A
1vr6_A,1vr6_B
1y50_A,1y51_A
1oen_A,1ayl_A
1ii2_A,1oen_
1oen_A,1aq2_
1os1_A,2py7_X
1aq2_,1oen_
1oen_,1ayl_
1yvy_A,1ytm_A
2rka_C,2qf2_A
3dt7_A,3dt7_B
2qew_A,2qey_A
1jqo_A,1jqo_B
2xz7_A,2hwg_A
2hwg_A,1zym_A
2hwg_B,1zym_A
1pfk_A,1pfk_B
2fuv_A,2fuv_B
1kfi_A,1kfi_B
1kfq_A,1kfi_A
3i3w_A,3i3w_B
3pdk_A,6gyz_B
3pdk_B,6gyz_B
6gyz_A,3pdk_B
6gyz_A,3pdk_A
3i3w_B,3pdk_A
3i3w_A,3pdk_B
3i3w_A,3pdk_A
6gyz_A,6gyz_B
3pdk_A,3pdk_B
3i3w_B,3pdk_B
1hm5_A,1dqr_B
1dqr_A,1hox_A
1wwk_A,2ekl_A
3pgk_A,13pk_A
1vpe_A,16pk_
3pgk_A,1vpe_A
1vjc_A,1kf0_A
2xe7_A,2x15_A
2xe7_A,2wzb_A
3c3b_A,2zgv_A
2xe6_A,2wzb_A
2paa_A,2x15_A
2x15_A,2xe6_A
2paa_A,4axx_A
2paa_A,13pk_A
1ejj_A,4my4_A
6k7n_A,6k7l_A
6k7l_A,6k7m_A
7vsh_A,6lkn_A
1k2y_X,1p5g_X
1k35_A,2fkm_X
1k35_A,2fkf_A
1k35_A,1k2y_X
1k35_A,1pcm_X
1k2y_X,1p5d_X
1k35_A,1pcj_X
1k35_A,1p5d_X
1k35_A,1p5g_X
1fez_A,1fez_B
3otw_A,3nv7_A
3twz_A,3tx0_A
1l7o_B,1l7p_B
1f5s_A,1l70_A
1f5s_A,1l7o_B
1jb0_A,1jb0_B
2vea_A,3zq5_A
1qs8_B,1miq_B
1lf4_A,1xdh_A
4a61_A,4a62_A
4a61_A,4a62_B
5jol_A,5joj_A
3alp_A,3alp_B
1hqe_A,1hqu_A
3ttm_A,3ttk_A
3ttm_A,3ttl_A
3ttl_A,3ttn_A
2hhp_A,2o1p_A
1q78_A,1q79_A
4ud4_A,4ud4_B
4ud5_A,4ud4_A
4e8f_A,4e8f_B
4e7x_A,4e8f_A
2oh2_A,6cst_A
1t94_A,2oh2_A
2oh2_A,4u6p_A
1t94_A,6cst_A
2i69_A,2hg0_A
6qsn_A,6kr2_A
5ccv_A,5u0b_A
1nb4_A,1gx6_A
3n0x_A,3nnd_A
2x7q_A,2x7p_A
2wln_A,2wlk_A
2wlo_A,2wlm_A
2wli_A,2wlk_A
2wlj_A,2wli_A
2a0l_A,1orq_C
1lnq_A,2fy8_E
1lnq_A,2fy8_A
5u6o_A,3u10_A
5u6o_A,3u11_A
5u6p_A,5u6o_A
5u6o_A,6uqf_A
6gyo_A,6gyn_A
2xzb_A,2yn9_A
1bkl_A,2x0s_A
1gud_A,1gud_B
1rpj_A,1gud_A
1rpj_A,1gud_B
3c4v_A,3c48_B
3c48_A,3c4v_A
3c48_B,3c4v_B
3c48_A,3c4q_A
3c48_A,3c4v_B
5lta_A,5ltk_A
1nkt_A,1nkt_B
2fsi_A,1tf5_A
2ipc_A,2ipc_C
1m6n_A,1tf2_A
1tf2_A,1nkt_A
1tf5_A,3din_A
1m6n_A,3dl8_B
1m6n_A,3dl8_A
1m6n_A,1nkt_B
1tf5_A,3jv2_A
2ibm_A,3jv2_A
1m6n_A,1nkt_A
1tf5_A,1m6n_A
2gtg_A,1sn6_A
2dob_A,4ddj_A
1pre_A,3c0n_A
5zix_A,5zix_C
5zik_A,5zix_B
5zik_A,6k1r_B
5zik_A,6k1r_C
5zik_C,6k1r_A
5zix_C,6k1r_A
2hmf_A,3c20_B
3c20_A,3c1m_A
3c1n_A,3c20_A
3c1m_A,3c1n_A
2hmf_A,3c1n_A
2hmf_A,3c20_A
2hyi_C,2hxy_A
2hxy_A,2j0u_A
2hyi_I,2hxy_A
2hxy_C,2hxy_A
1x9j_A,1x9j_B
1x9j_A,1saz_A
1x9j_A,1x9j_D
1i74_A,1i74_B
5o2k_A,5o2j_A
1mru_A,3f61_A
3fzv_A,3fzv_D
3rd3_A,4l62_A
3fzv_A,3fzv_C
4fx0_B,4fx4_B
5jdr_A,3bik_A
2oev_A,4jjy_A
3eiq_C,3eij_A
4r60_A,4r60_B
1zme_C,1zme_D
5n4f_A,5n4d_A
3khy_A,1g99_A
3khy_A,1tuy_A
3khy_A,3khy_B
3djk_A,3d1y_A
1hei_A,8ohm_
1a1v_A,8ohm_A
3bva_A,1kzk_A
1yag_A,3mfp_A
1dqy_A,1dqz_A
1cf1_C,4j2q_A
1cf1_A,4j2q_B
1cf1_A,4j2q_A
1cf1_C,4j2q_B
3csu_A,1d09_A
3csu_B,1d09_A
3csu_C,1d09_A
1fak_L,1qfk_L
3bmp_A,2h62_B
3d0q_A,3oti_A
3oti_A,3d0q_B
3d0r_A,3oti_A
3d0r_B,3oti_A
1b38_A,1aq1_
2b5e_A,3boa_A
4ekz_A,4el1_A
1a35_A,1ej9_A
1ks2_A,1ks2_B
1dt9_A,3e1y_A
1kv3_A,3s3p_A
1kv3_A,2q3z_A
1qru_A,1nyl_A
1eug_A,1flz_A
1bmb_A,1fyr_B
1do2_A,1do2_B
2cex_C,2cey_A
2cex_B,3b50_A
2cex_A,2wx9_A
2cey_A,2cex_A
2cex_A,2wyk_A
2cex_A,3b50_A
2cex_B,2cex_A
2cey_A,2cex_B
1mrp_A,1nnf_A
1lp4_A,1m2p_A
1lar_A,1lar_B
1lar_A,2fh7_A
2b3t_A,1t43_A
6kr6_A,5guh_A
1pkl_B,1pkl_D
3hqp_A,1a5u_B
3hqp_A,2vgb_A
3hqp_A,3e0v_A
3hqp_A,1a3w_A
3hqp_A,3hqq_A
1pkl_B,1pkl_H
1pkl_B,1pkl_E
1xdu_A,1xds_A
2oe2_A,1xp8_A
1rtd_C,1fk9_A
1rtd_A,1fk9_A
1rtd_A,1fk9_B
1rkd_A,1rk2_A
1rkd_A,1gqt_A
1b3r_B,1k0u_B
1psz_A,3zka_B
1psz_A,3zk7_A
3zk7_A,3ztt_A
1psz_A,4uto_A
1psz_A,3zka_A
1psz_A,3zk8_A
3zka_B,3zk7_A
2grx_C,1ihr_A
2gsk_B,1ihr_A
3din_A,1m6n_A
4ys0_A,3jux_A
3jv2_A,1m6n_A
3jv2_A,3din_A
3jv2_A,3dl8_A
1huf_A,1k46_A
3uag_A,1eeh_A
3uag_A,1e0d_A
1b30_A,1jcn_B
4hfi_A,4hfi_B
4hfi_A,4npq_C
2cbl_A,1b47_A
2cbl_A,1b47_B
1xws_A,2bzh_B
1xqz_A,1yxt_A
1opk_A,2abl_
1opk_A,1opl_A
2hyy_A,2fo0_A
1opl_A,1opl_B
2hyy_B,2fo0_A
3bkb_A,3cbl_A
3bkb_A,4e93_A
3bkb_A,3cd3_A
1yi6_B,1fmk_A
1y57_A,2oiq_A
1y57_A,2src_
1y57_A,1fmk_A
1y57_A,2src_A
1n8y_C,1n8z_C
1g1s_A,1g1q_A
1g1s_A,1g1t_A
2ddb_A,2epf_D
2ddb_A,2ddb_B
6j7j_A,6j7l_A
1ezm_A,1u4g_A
1ezm_A,1u4g_A
1ezm_A,3dbk_A
2yoc_A,2yoc_B
1m8y_A,1m8z_A
1wet_A,1dbq_A
5za4_A,5yyb_A
5za4_A,5z99_A
2yln_A,3zsf_A
3d2m_A,3d2p_A
6aal_A,6aal_B
7wn9_A,8grv_A
2ahw_C,2ahu_C
2ahu_C,2ahw_D
2ahw_C,2ahu_B
2ahu_B,2ahv_A
2ahw_C,2ahu_A
2ahw_B,2ahu_C
2ahw_B,2ahu_D
2ahv_C,2ahu_A
2ahu_B,2ahv_C
2ahw_B,2ahu_A
2ahw_B,2ahu_B
2ahv_A,2ahu_A
2ahv_B,2ahu_A
2ahu_B,2ahv_B
2ahw_C,2ahu_D
2ahu_B,2ahv_D
2ahu_B,2ahw_D
4hss_A,4hss_B
6tmu_A,6tmt_A
5b58_T,5y89_A
1y9u_A,2owt_A
3be5_A,3be6_D
3be5_A,3be6_B
3be5_A,3be6_C
3be5_A,3be5_C
3be5_A,3be6_A
3be5_B,3be6_B
3be5_A,3be5_B
3be5_A,3be5_D
1y4t_A,3e13_X
6g44_A,6g45_A
4fdt_A,4fdu_A
4fdt_B,4fdu_A
4fdt_A,4fdu_B
1js1_X,2fg7_X
4kqt_A,6fxg_A
4oet_A,4oev_A
4oet_A,4oeu_A
5lq5_A,5lq8_A
2ahr_D,2ahr_E
2y30_A,3zql_A
2wda_A,2x03_B
3ry3_A,4ofl_A
3vxb_A,3vxc_A
6gq0_A,6guq_A
6gq0_A,6gt9_A
4jdf_A,1a99_A
1pvu_B,1eyu_B
1pvu_A,1pvi_A
1pvu_A,1pvi_B
1pvu_A,1eyu_A
1brw_A,1brw_B
1ulz_A,1dv2_A
3hqp_K,1a49_B
1a49_A,2g50_A
1a49_D,2g50_E
2g50_E,1aqf_H
3t0t_A,4kct_A
5wsb_A,5wrp_A
3ma8_A,4drs_A
4ks0_A,4krz_A
3hqn_D,2g50_F
3hqn_A,2g50_G
3hqn_A,2g50_F
3hqp_L,2g50_E
3hqn_D,1a5u_D
3hqn_D,1a5u_C
3hqn_D,2g50_H
3hqn_D,2g50_G
3hqn_D,2g50_E
3hqn_A,2g50_H
3hqn_A,2g50_E
3hqp_J,2g50_E
3hqp_I,2g50_E
3hqn_D,1a5u_A
3hqn_A,1a5u_C
3hqn_A,1a5u_A
3hqp_L,1a5u_B
3hqp_J,1a5u_B
3hqn_A,1f3w_G
3hqn_D,1pkn_A
3hqn_A,1pkn_A
3hqn_A,1a3w_B
3hqn_D,3bjf_D
3hqn_D,3bjf_C
3hqn_D,3bjf_B
3hqn_A,3bjf_D
3hqn_D,3bjt_D
3hqn_A,1a5u_D
3hqp_K,1a5u_B
3hqn_D,1f3w_G
3hqn_D,1f3w_F
3hqn_D,1f3w_E
3hqn_A,1f3w_H
3hqn_A,1f3w_F
3hqn_A,1f3w_E
3hqp_L,1pkn_A
3hqp_K,1pkn_A
3hqp_J,1pkn_A
3hqp_I,1pkn_A
3hqp_L,1a3w_A
3hqp_K,1a3w_A
3hqp_J,1a3w_A
3hqn_D,3hqp_A
3hqn_A,3bjf_C
3hqn_A,3bjf_B
3hqn_A,3bjf_A
3hqn_D,1t5a_D
3hqn_D,1t5a_C
3hqn_D,1t5a_B
3hqp_I,1a5u_B
3hqn_D,1a3w_B
3hqn_D,1a3w_A
3hqp_L,1a3w_B
3hqp_K,1a3w_B
3hqp_J,1a3w_B
3hqp_I,1a3w_B
3hqp_I,1a3w_A
3hqn_D,3bjf_A
3hqp_L,2vgb_A
3hqp_K,2vgb_D
3hqp_K,2vgb_A
3hqp_J,2vgb_D
3hqp_J,2vgb_C
3hqp_J,2vgb_A
3hqp_I,2vgb_D
3hqp_I,2vgb_C
3hqp_I,2vgb_A
3hqp_I,2vgb_B
3hqn_D,2vgb_C
3hqn_D,2vgb_D
3hqn_A,2vgb_D
3hqn_A,2vgb_C
3hqn_D,2vgb_A
3hqn_A,2vgb_A
3hqp_L,1a49_B
3hqp_J,1a49_B
3hqp_L,1aqf_D
3hqp_L,1aqf_C
3hqp_L,1aqf_B
3hqp_K,1aqf_D
3hqp_K,1aqf_B
3hqp_J,1aqf_D
3hqp_J,1aqf_B
3hqp_I,1aqf_D
3hqn_D,1a49_D
3hqn_A,1a49_D
3hqn_A,1a49_A
3hqn_D,3hqo_K
3hqn_D,3hqo_B
3hqn_D,3bjt_C
3hqn_D,3bjt_B
3hqn_D,3bjt_A
3hqn_A,3bjt_D
3hqn_A,3bjt_C
3hqn_A,3bjt_B
3hqn_A,3bjt_A
3hqn_D,1t5a_A
3hqn_A,1t5a_D
3hqn_A,1t5a_C
3hqn_A,1t5a_B
3hqn_A,1t5a_A
3hqp_L,2vgb_D
3hqp_L,2vgb_C
3hqp_I,1a49_B
3hqn_D,1aqf_A
3hqn_A,1aqf_A
3hqp_K,1aqf_C
3hqp_J,1aqf_C
3hqp_I,1aqf_C
3hqp_I,1aqf_B
3hqn_D,1a49_C
3hqn_D,1a49_A
3hqn_A,1a49_C
3hqn_D,3hqo_C
3hqn_A,3hqo_K
3hqn_A,3hqo_C
3hqn_A,3hqo_B
3hqn_D,3hqo_A
3hqn_A,3hqo_A
3hqp_L,3hqq_X
3hqp_K,3hqq_X
3hqp_J,3hqq_X
3hqp_I,3hqq_X
3hqp_L,3hqq_W
3hqp_K,3hqq_W
3hqp_J,3hqq_W
3hqp_I,3hqq_W
3hqp_K,3hqq_V
3hqp_L,3hqq_V
3hqp_J,3hqq_V
3hqp_I,3hqq_V
3hqp_K,3hqq_U
3hqp_J,3hqq_U
3hqp_I,3hqq_U
3hqp_L,3hqq_U
3hqp_L,3hqn_D
3hqp_K,3hqn_D
3hqp_J,3hqn_D
3hqp_I,3hqn_D
3hqp_L,3hqn_A
3hqp_K,3hqn_A
3hqp_J,3hqn_A
3hqp_I,3hqn_A
3hqn_A,1a3w_A
3hqn_A,3hqp_A
1pkl_A,3hqq_A
1pkl_A,3hqp_A
1a49_B,2vgi_C
1a49_B,2vgi_A
1a49_B,2vgg_B
1a49_B,2vgg_A
1a49_B,1a5u_F
1a49_B,1a5u_E
1a49_B,1a5u_D
1a49_B,2vgi_D
1a49_B,2vgg_D
1a49_B,2vgg_C
1a49_B,1a5u_G
1a49_B,1a5u_C
1a49_B,1a5u_A
1a49_B,1f3x_H
1a49_B,1f3x_G
1a49_B,1f3x_F
1a49_B,1f3x_E
1a49_B,1f3x_D
1a49_B,1f3x_C
1a49_B,1f3x_B
1a49_B,1f3x_A
1a49_B,1pkm_A
1pkl_A,1pkl_B
1e0t_A,1e0t_D
1e0t_A,1e0t_B
1e0t_A,1e0u_C
1e0t_A,1pky_C
1pky_A,1pky_D
1pky_A,1pky_B
1a49_B,2g50_G
1a49_B,2g50_F
1a49_B,2g50_D
1a49_B,2g50_B
1a49_B,2g50_A
1a49_B,1aqf_G
1a49_B,1aqf_C
1a49_B,1f3w_F
1a49_B,1f3w_E
1a49_B,1f3w_A
1pkl_A,1pkl_C
1e0t_A,1e0t_C
1e0t_A,1e0u_D
1e0t_A,1e0u_B
1e0t_A,1e0u_A
1e0t_A,1pky_D
1e0t_A,1pky_B
1pky_A,1e0t_A
1pky_A,1pky_C
1a49_B,2g50_H
1a49_B,2g50_E
1a49_B,2g50_C
1a49_B,1aqf_H
1a49_B,1aqf_B
1a49_B,1f3w_H
1a49_B,1f3w_G
1a49_B,1f3w_D
1a49_B,1f3w_C
1a49_B,1f3w_B
1a49_B,1pkn_A
1a49_B,1a49_G
1a49_B,1a49_F
1a49_B,1a49_D
1a49_B,1a49_E
1a49_B,1a49_C
1a49_A,1a49_F
5wrp_A,5ws8_A
5wrp_B,5ws9_B
5wrp_A,5wsa_A
5wrp_B,5wsa_B
1e0t_D,1e0u_C
5wrp_D,5ws9_D
5wrp_D,5wsb_D
5wrp_B,5wsb_B
5wrp_C,5ws9_C
5wrp_D,5ws8_D
5wrp_B,5ws8_B
5wrp_D,5wsa_D
5wrp_C,5ws8_C
5wrp_A,5ws9_A
1pkn_A,1a5u_A
1pkl_H,1a3w_A
1pkl_A,1a49_A
1a49_A,1a49_H
1a49_B,1aqf_A
1a5u_A,1a5u_H
1a49_A,1a49_B
1a49_A,1pkl_G
1a49_A,1aqf_B
1a49_A,1aqf_A
1aqf_A,1aqf_B
1aqf_A,1aqf_C
4hyv_A,4hyv_B
3srh_B,3bjf_B
3srh_A,1t5a_A
4fxj_D,4fxf_D
3srh_A,4b2d_A
3srh_A,4b2d_B
3srh_D,3bjt_D
3srh_C,3bjt_C
3srh_A,3bjf_A
3srh_A,3bjt_A
3srh_A,6nu1_A
3srh_B,3bjt_B
3srh_C,3bjf_C
4fxj_A,3srh_A
3srh_A,4fxf_A
3srh_D,3bjf_D
1zjh_A,1aqf_A
1t5a_A,1zjh_A
1t5a_C,1zjh_A
1zjh_A,2vgf_D
1zjh_A,2g50_H
1zjh_A,2g50_G
1t5a_A,1liu_A
1zjh_A,2g50_F
1zjh_A,2g50_E
1zjh_A,1a5u_C
1zjh_A,1a5u_A
1zjh_A,1f3w_G
1zjh_A,1f3w_F
1zjh_A,1a5u_D
1zjh_A,1f3w_E
1zjh_A,1pkn_A
1zjh_A,1a49_D
1zjh_A,1a49_C
1zjh_A,1a49_A
1zjh_A,3bjt_B
1zjh_A,3bjt_C
1zjh_A,3bjt_D
1zjh_A,3bjf_A
1zjh_A,3bjf_B
1zjh_A,3bjf_C
1zjh_A,3bjf_D
1zjh_A,2vgb_A
1zjh_A,2vgb_B
1zjh_A,2vgb_C
1zjh_A,2vgb_D
1zjh_A,2vgf_A
1zjh_A,2vgf_B
1zjh_A,2vgf_C
1zjh_A,1t5a_B
1zjh_A,1t5a_D
1zjh_A,3bjt_A
1vbg_A,2r82_A
1vbh_A,1vbg_A
1vbh_A,2r82_A
1kbl_A,1vbg_A
2r82_A,1kbl_A
1kc7_A,2r82_A
2bs4_A,1e7p_A
1ii8_B,3qku_B
1ii8_A,3qku_A
1a1k_A,1a1i_A
1nxq_A,1zk4_A
2byv_E,3cf6_E
2reb_A,1xp8_A
1m6b_B,1yy9_A
2jjd_E,2jjd_F
2jjd_A,2jjd_B
2jjd_A,2jjd_C
2jjd_A,2jjd_D
2jjd_A,2jjd_E
2jjd_A,2jjd_F
2jjd_B,2jjd_C
2jjd_B,2jjd_D
2jjd_B,2jjd_E
2jjd_B,2jjd_F
2jjd_C,2jjd_D
2jjd_C,2jjd_E
2jjd_C,2jjd_F
2jjd_D,2jjd_E
2jjd_D,2jjd_F
3u2p_A,3u7u_A
2ahx_B,1yy9_A
2ahx_A,3u7u_A
1ckj_A,2csn_A
1ckj_B,1csn_A
1en7_A,1e7d_A
1en7_A,1e7l_A
1rec_,1omv_A
5zz5_C,5zz5_D
5zz5_A,5zz6_C
3keo_A,3keq_A
3keo_A,3keq_B
2vt3_A,3keo_A
3keq_A,3keq_B
3keq_A,3keo_B
5zz5_A,5zz5_B
5zz5_B,5zz5_D
5zz5_A,5zz5_D
3keo_B,3keq_B
3ket_A,3keq_A
5zz6_A,5zz6_C
5zz6_C,5zz6_D
5zz6_A,5zz6_D
5zz7_A,5zz7_B
5zz6_B,5zz6_C
5zz6_A,5zz6_B
5zz6_B,5zz6_D
6eod_H,6eoi_B
3g56_A,3frq_A
2gk7_A,2gjk_A
2xzo_A,2xzp_A
3id2_A,3di3_A
4ua2_A,4ua1_A
2g26_A,2fs4_B
1s9h_B,1u0j_A
2ahm_G,2ahm_H
2z9o_A,1rep_C
1fgu_A,1jmc_A
1fgu_B,1jmc_A
2gxa_C,2gxa_D
2gxa_A,2gxa_C
2gxa_A,2v9p_F
2gxa_A,2v9p_B
2gxa_F,2gxa_A
2gxa_D,2gxa_E
2gxa_B,2gxa_C
2gxa_A,2gxa_B
2gxa_E,2gxa_F
4nmn_A,4nmn_B
2r6c_A,2r6c_B
4zmr_A,4hye_B
4zmr_A,4zms_A
4zmr_B,4hye_B
4zmr_A,4zmr_B
4zmr_B,4hye_A
4zmr_A,4hye_A
5xso_A,5xt2_A
4gvp_A,4if4_A
4gvp_D,4if4_A
4gvp_C,4if4_A
4gvp_B,4if4_A
1na6_A,3hqg_A
7lkp_A,7lkz_A
7e7i_A,7e7q_A
5mkj_A,5mh4_A
3dle_A,3lak_B
3c4z_A,3ny0_A
2vbt_A,2vbv_A
1rka_A,1rks_A
1rka_A,1gqt_A
1rka_A,1rkd_A
1rkd_,1rka_A
5rsa_A,1bsr_A
1jvu_A,1jvt_A
1f0v_A,1h8x_A
1yyo_A,1yz9_A
1yyo_A,1yyw_A
1r5d_A,1tq9_A
1r5d_B,1tq9_B
2r1r_A,5cns_A
1r1r_A,5cns_A
5cns_A,5cns_B
3l7o_A,3l7o_B
2fn9_A,2fn9_B
2fn8_A,2fn9_A
2fn8_A,2fn9_B
2nxn_A,3egv_A
1yl3_H,1rl6_A
2dyi_A,3a1p_C
3a1p_A,2dyi_A
1dd5_A,1ek8_A
3tbk_A,4a2w_A
2oaa_A,2oa9_A
1gx5_A,1nb4_A
2xxd_A,4e76_A
2xxd_A,4e78_A
8ohm_,1cu1_A
1cu1_A,1a1v_A
1cu1_A,1hei_A
1iw7_A,1iw7_B
1iw7_K,1iw7_L
1iw7_A,1iw7_K
1iw7_C,1hqm_C
1iw7_D,1l9z_D
1iw7_C,1l9z_C
4ilu_A,4kbm_B
1iw7_F,1iw7_P
4czf_A,4czm_A
4czm_A,4czj_A
4czm_A,4cze_A
4czm_A,4czi_A
1gmg_A,2ghy_A
2v9q_A,2v9r_A
4bso_A,4c8v_A
4c8v_A,4c9v_B
4bso_A,4kng_M
4bso_A,4kng_P
5y2v_A,5y2w_A
1hqc_A,1ixr_C
2q99_A,2qrj_A
2qrj_A,2qrl_A
2qrj_A,2qrk_A
1b3r_A,1li4_A
1ky4_A,1ky5_A
1b3r_A,1d4f_B
1b3r_A,1d4f_A
1b3r_A,1k0u_A
1ky4_A,1k0u_A
1b3r_D,1k0u_D
1b3r_A,1d4f_D
1b3r_D,1xwf_B
1b3r_C,1k0u_C
1k0u_G,1b3r_A
1k0u_G,1b3r_C
4lvc_A,4lvc_D
4d7k_E,4d7k_A
4d7k_A,4d7k_F
7wdq_D,7wdq_C
7wdq_B,7wdw_B
7wdq_D,7wdw_C
1n69_B,1n69_C
1su4_A,1iwo_A
1iwo_B,1su4_A
1su4_A,1wpg_A
1su4_A,2c9m_A
1vfp_A,1iwo_A
1su4_A,2c9m_B
1su4_A,2zbd_A
5a3r_A,2zbd_A
2c9m_A,2c9m_B
1su4_A,2c88_A
1su4_A,1vfp_A
1kju_A,1su4_A
1t5t_A,2c8k_A
1t5s_A,1su4_A
4zrg_A,4j2q_A
3ugx_D,4j2q_A
4zrg_A,4j2q_B
7jsm_B,4j2q_A
6lu7_A,2pwx_A
7bqy_A,2hob_A
1fvf_A,1fvf_B
2qyu_A,2qza_A
4biw_B,4bix_B
4biu_A,4bix_A
4biu_A,4biv_A
4biu_A,4biu_B
4biu_A,4biu_C
4biv_A,4biv_B
3w5a_A,3ar2_A
3kql_A,3kqk_A
3kql_A,3kqu_A
3com_A,3com_B
4rzv_A,4mnf_A
4rzv_A,3q4c_A
4u6r_A,7bmk_A
3e7v_A,3fmd_A
4jsn_B,4jsn_A
2c30_A,1yhv_A
1f3m_C,1yhv_A
2cdz_A,2c30_A
2cdz_A,1yhw_A
2cdz_A,2f57_A
2f57_A,2c30_A
2cdz_A,2bva_A
2cdz_A,1f3m_C
2c30_A,2f57_B
2f57_B,2cdz_A
1yhv_A,2hy8_1
2jak_A,2iae_B
2bxc_A,2bxk_A
1e78_A,1o9x_A
1o9x_A,1ao6_A
2bxp_A,1ao6_A
1e7i_A,1ao6_A
4emx_A,3uiv_A
1n5u_A,1ao6_A
1e78_A,1e7g_A
3v08_A,4f5t_A
1ao6_B,1e7a_A
5ijf_A,1e7i_A
1ao6_A,2bxg_A
8ew4_A,1bm0_A
1ao6_A,3b9m_A
1a8e_A,1bp5_A
1bp5_A,1a8e_
1a8e_,1bp5_D
1a8e_,1bp5_B
1d3k_A,1nft_A
1a8e_,1bp5_C
3lsq_B,3lss_A
2cim_A,2cim_B
2cj9_A,2cj9_B
1set_A,1set_B
1sry_A,1set_B
1sry_B,1ser_B
1mt6_A,1n6c_A
1wxd_B,2cy0_A
1wxd_B,2d5c_A
1nyt_A,1nyt_D
2hk8_F,2hk9_C
3don_A,3doo_A
2hk9_A,2hk9_D
2hk8_F,2hk9_D
2iyw_A,2iyy_A
2iyq_A,2iyr_A
2iyr_B,2iyy_A
2iyv_A,2iyy_A
2iyq_A,2iyw_A
2iyq_A,2iyr_B
2iyv_A,2iyw_A
1u8a_A,1l4y_A
2iyq_A,2iyv_A
2iyw_A,2iyz_A
2iyv_A,2iyz_A
2iyr_B,2iyx_A
2shp_A,6crf_A
2xwv_A,2cey_A
3b50_A,2cey_A
1euu_A,1w8n_A
1w8o_A,1w8n_A
4v2u_A,4v3b_A
4v2u_A,4v3c_A
4qvg_A,4qvg_B
4qvg_B,4u1q_A
5dh0_A,5dh1_A
5dh0_B,5dh2_B
5dh0_B,5dh1_B
5dh0_B,5dh1_A
1qzw_A,1qzx_A
3deo_A,3dep_A
2cnw_A,1ng1_A
4c7o_A,2ffh_A
4c7o_A,3ng1_A
4c7o_A,1ng1_A
4c7o_A,1jpn_A
2cnw_A,2ffh_A
1fqv_A,1fs2_A
1oxb_B,2r25_B
1ii5_A,1iiw_A
1mjs_A,1u7f_C
1mjs_A,1uzf_A
2oau_A,2vv5_A
3kyc_D,3kyd_D
5l7i_A,5l7d_A
6d32_A,5l7d_A
4mfi_A,6r1b_A
6x84_A,4aq4_A
5icg_A,5icf_A
7mgw_A,6dzz_A
7lia_A,7li8_A
1ext_A,1ext_B
1ext_A,1ncf_B
4r6k_A,5z6b_A
4pyp_A,4zwc_A
4zwc_A,5eqi_A
4zw9_A,4zwc_A
4ybq_A,4yb9_D
5ayn_A,5ayo_A
1bkd_S,2ii0_A
1bkd_S,1xd2_C
1xd2_C,2ii0_A
4o8l_A,4o8l_C
2qkm_B,2qkm_D
3i1a_A,3i0o_A
3i1a_A,3q2m_A
1u4q_A,1u4q_B
7sbl_B,7sbl_A
6vsb_C,6vsb_A
6vsb_B,6vsb_A
7r14_C,7r14_B
7m8k_C,7m8k_A
7jwy_A,6xm3_A
7m8k_C,7m8k_B
7tgw_B,7tgw_A
7edg_B,7edg_A
7edf_B,7edf_A
7lwt_C,7lwt_B
7dk3_A,7dk3_C
7dk3_B,7dk3_C
6zgg_B,6vxx_A
6vxx_A,6vsb_B
6zgg_A,6zgg_B
6zgg_B,6zb5_A
6zb5_B,6zgg_B
6vxx_A,6zdh_A
8iou_A,8iou_B
6vxx_A,6vyb_B
6xm3_A,6xm3_B
6vxx_C,6vyb_C
7tf8_A,7to4_A
6vxx_A,6vyb_C
6acc_C,6acd_C
6vyb_B,6vyb_C
6vyb_A,6vyb_C
6zgf_A,7fg3_A
6zgf_A,7m6h_A
2cmz_A,2cmz_B
2j6j_A,2cmz_A
7fg3_A,7akd_C
7fg3_A,7we9_A
7lyn_C,7lyn_B
6vyb_A,6vyb_B
7tf8_C,7to4_A
6vxx_B,6vyb_B
7kxk_B,7r8m_C
7x7n_A,7tl1_A
6vxx_A,6vsb_A
7fg3_A,7tgw_A
6crz_A,6vxx_A
8h3e_C,7m6h_A
6ncq_A,4wii_A
5wpa_A,4wii_A
4wii_A,4wii_B
1q8y_A,1q8y_B
6nei_B,6nej_B
2wb4_A,1w25_B
1w25_A,2wb4_A
1w25_A,2v0n_A
1w25_B,2v0n_B
1w25_A,2v0n_B
1w25_B,2v0n_A
2wb4_A,2v0n_A
1fzp_B,2frh_B
4d7s_A,4d7t_A
2ala_A,3n41_F
6lu2_A,6lu3_A
2wdq_A,6c12_A
2fbw_B,2fbw_C
3sfd_A,6c12_A
1o9l_D,1o9l_B
1o9l_D,1ooy_B
3dlx_A,3dlx_B
3dlx_C,3dlx_B
3k6m_C,1ooy_A
3k6m_C,3k6m_B
3oxo_A,3k6m_C
2fpp_B,2fp4_B
2fpi_B,2fp4_B
2fp4_B,1eud_B
2fp4_B,5cae_B
1euc_B,2fp4_B
1euc_B,5cae_B
3czl_A,3czk_A
3czg_A,3czk_A
3cze_A,3czk_A
4h2c_A,4gi6_A
4h2c_A,1zja_A
4h2c_A,2pwg_A
2pwh_A,4h2c_A
4h2c_A,4gi8_A
4h2c_A,4gi9_A
4h2c_A,2pwd_A
2pwe_A,4h2c_A
4h2c_A,4gia_A
1s2o_A,1tj5_A
7c6f_A,7c66_A
2qvc_A,3c6q_A
3c6q_A,3c6q_C
7c6f_A,7c67_A
2heu_A,2i58_A
2heu_A,2hfb_A
2heu_A,2hq0_A
2hq0_A,2i58_A
1tm2_A,1tjy_A
3kyc_B,3kyd_B
5n56_A,5n57_A
1f3h_B,1f3h_A
1a81_A,1a81_G
1a81_G,1a81_E
1a81_A,1a81_C
1a81_A,1a81_K
172l_A,214l_A
2lzm_A,150l_D
2lzm_A,150l_B
1l96_A,1l97_A
2lzm_A,150l_C
178l_A,256l_A
172l_,214l_
3lzm_A,178l_A
209l_,218l_
149l_A,1l53_A
2lzm_A,150l_A
1aro_P,1msw_D
1cez_A,1s76_D
1aro_P,2pi4_A
1h38_A,1s77_D
1cez_A,1msw_D
1aro_P,1h38_A
1cez_A,1aro_P
2jg1_A,2jg1_C
3c9i_A,3c9i_B
3c9i_A,3c9i_D
3c9i_A,3c9i_C
3c9i_A,3c9i_E
3c9i_A,3c9i_F
1bgx_T,1taq_A
1taq_A,3ktq_A
1tau_A,1cmw_A
4x6l_A,4x7r_A
4x7p_B,4x7m_B
4x6l_A,4x6l_D
4x7r_A,4x7p_A
5x2m_A,5x2m_C
5x2m_A,5x2q_A
1tbp_B,1ytb_B
1tbp_A,1ytb_A
1tbp_A,1qn3_A
6ks6_A,5gw5_A
6ks6_B,5gw5_B
6ks6_D,5gw5_D
6ks6_E,5gw5_E
6ks6_H,5gw5_H
6ks6_Q,5gw5_Q
6ks6_Z,5gw5_Z
6i0s_A,6i0t_A
1vjy_A,1b6c_H
1kei_A,1kjp_A
1kei_A,1kkk_A
1kei_A,1kjo_A
1kei_A,1kr6_A
8tln_E,1l3f_E
3t2j_E,3do2_A
1lnb_E,1l3f_E
1l3f_E,1kei_A
1l3f_E,1kjo_A
1l3f_E,1gxw_A
1l3f_E,4tmn_E
1l3f_E,1kjp_A
1l3f_E,1kkk_A
1tmn_E,1npc_
1l3f_E,1hyt_
1asx_,1a6d_A
1ass_,1asx_
1q3q_A,3ko1_A
5mss_A,5msw_A
1tjd_A,1eej_B
1jzo_A,1tjd_A
1jzd_A,1eej_B
2x8g_A,2x8h_A
4la1_A,3h4k_A
1tde_A,1f6m_E
1tde_A,1f6m_A
1f6m_A,1tdf_A
1f6m_A,1tde_
2zbw_A,2zbw_B
1tde_,1f6m_E
2d1f_A,2d1f_B
1evl_A,1evk_A
2tpt_,1otp_
1azy_A,4ead_A
3ihi_A,3ihh_A
1b02_A,1bko_C
1svb_,1urz_E
1svb_,1urz_A
1svb_,1urz_D
1svb_,1urz_C
1svb_,1urz_B
3tsw_A,3lh5_A
3lh5_A,3kfv_A
3tsw_A,3shw_A
1a21_A,1a21_B
2nzi_A,2nzi_B
2rik_A,3b43_A
2nzi_A,2j8h_A
2rjm_A,2rik_A
1ihr_B,1u07_A
1a31_A,1k4t_A
1s16_A,3lps_A
2csd_A,2csb_B
7pog_A,4r04_A
1dqd_L,1axt_L
1sy6_L,1for_L
3u3w_A,4fsc_A
2yvh_B,2zoz_A
2yvh_A,2zoz_A
2zoz_A,2zoy_A
2yvh_A,2zoy_A
3vox_A,3vp5_A
3vok_A,3vp5_A
2yvh_A,2yve_A
2hyf_B,2f5d_B
2hyf_A,2f5d_A
7cv0_A,1j5y_A
1ny6_A,1ny6_N
1ny5_A,1ny6_F
1ny5_A,1ny6_N
1ny5_A,1ny6_H
1ny5_A,1ny5_B
1ny5_A,1ny6_J
1ny5_A,1ny6_D
1ny5_A,1ny6_C
1ny5_A,1ny6_I
1ny6_A,1ny6_L
1ny5_A,1ny6_K
1ny5_B,1ny6_E
1ny5_B,4l4u_A
1ny5_A,4l4u_A
1ny5_A,1ny6_B
1ny6_A,1ny5_A
5gpc_A,5gpc_B
1zkg_B,1z77_A
1zkg_A,1zkg_B
1zkg_A,1z77_A
2ivm_A,2vbw_A
5o8z_A,5o8y_A
1npp_A,1npr_A
1npp_B,1npr_A
1m1g_A,1m1g_B
1vkx_A,1ram_B
1ais_B,1d3u_B
1qna_A,1qnb_A
3ice_C,1pv4_F
3ice_A,1pv4_E
1tag_A,1tnd_A
1tnd_A,1tag_
3hlf_A,3hlc_A
3hlg_A,3hlc_A
1suv_A,2nsu_B
1suv_A,1cx8_B
1suv_A,1suv_B
1he8_B,1xcm_A
3j5p_D,3j5q_G
1r7r_A,1ypw_A
3a11_A,3vm6_A
3a9c_A,3vm6_A
1g7r_A,1g7t_A
1g7s_A,1g7t_A
1j1j_A,4jhf_F
1j1j_A,4jhf_H
1qbk_B,2ot8_A
2h4m_B,2ot8_A
2h4m_B,2ot8_B
2h4m_A,2ot8_B
2h4m_A,2h4m_B
2ot8_B,1qbk_B
2p1m_B,2p1q_B
5cn3_A,3tct_A
4ng7_A,4x04_A
2hzk_A,2hzl_A
4tvu_A,3zo9_A
4tvu_A,3zoa_A
4wf7_A,4lxf_A
4tvu_A,3zo9_B
4tvu_A,4lxf_A
4tvu_A,4tvu_C
4tvu_A,3zoa_B
1cvl_A,2lip_A
1yyq_A,1yyq_B
1tpd_A,5tim_B
1tpe_,1iih_B
1tim_B,1ssg_A
2j24_B,1trd_A
1uaj_A,1ual_A
3h38_A,3h37_A
1c1g_A,1c1g_B
1c1g_C,1c1g_B
1avs_A,1top_A
1j1e_A,1j1e_D
2tn4_,4tnc_
4tnc_A,2tn4_A
1mi7_R,1p6z_R
1wrp_R,3wrp_
3wrp_A,2oz9_R
3wrp_A,1tro_A
1typ_B,2tpr_B
1tlf_A,1efa_A
1tlf_A,1lbi_A
5tia_B,6pyz_B
6ud5_A,4pw8_A
2oqx_A,2c44_C
2tys_B,1qoq_B
1bks_B,1qoq_B
1bks_B,1qop_B
1xcf_A,1wq5_A
6am7_A,6am9_A
5e0k_F,5dw3_B
1wdw_B,6am9_C
1wdw_F,6am8_C
1wdw_B,6am7_A
6am8_B,1wdw_B
5e0k_B,5vm5_D
6am8_C,5e0k_B
5dw0_A,5vm5_D
5e0k_B,6amc_A
1wdw_B,6amc_C
1wdw_B,6am9_A
1mau_A,1maw_B
1mau_A,1i6m_A
1d2r_A,1mau_A
1i6k_A,1m83_A
1maw_A,1mau_A
1i6k_A,1mau_A
1m83_A,1maw_B
2azx_A,1r6t_B
1i6k_A,1maw_A
1uf9_A,1uf9_B
1sa0_D,1tub_B
1ncf_A,1ncf_B
2gsz_B,2gsz_C
2eww_A,2gsz_F
2eww_A,2gsz_D
2eww_A,2gsz_C
2gsz_A,2gsz_F
2eww_A,2gsz_E
2gsz_A,2gsz_E
2eww_A,2gsz_B
2eww_A,2gsz_A
2gsz_A,2gsz_C
2gsz_A,2gsz_D
2gsz_A,2gsz_B
4a2l_B,4a2m_B
4a2l_A,4a2m_A
1z59_A,1z5a_A
1ni0_B,1h56_A
2oap_2,2oaq_2
2oap_1,2oap_2
2oap_1,2oaq_1
2oap_1,2oaq_2
4ksr_A,4ksr_C
5zfr_A,5zfr_B
2ez2_A,2ez1_A
2ez2_A,2ez2_B
3gen_A,3k54_A
2l2p_A,2lp5_A
2c0o_A,2dq7_X
2src_A,2oiq_A
2src_A,1qcf_A
1xbb_A,1xbc_A
3ps5_A,2b3o_A
1u7d_B,2ag6_A
1u7d_B,1zh0_A
1h3e_A,1h3f_B
1n3l_A,1q11_A
1h3f_A,1h3e_A
1n3l_A,2dlc_X
1bcc_E,3bcc_E
1bcc_E,2bcc_E
1bcc_C,3bcc_C
8asj_E,8asi_E
2wx1_A,2vbc_A
2g45_B,2d3g_B
4ii3_A,4ii2_A
3cmm_C,3cmm_A
1nb8_A,1nb8_B
1z2u_A,1x23_C
1ycr_A,1t4e_A
1rv1_A,1ycr_A
1tff_A,2ff3_B
4ggm_X,4j6e_A
1ek6_B,4wok_A
1ek6_A,4wok_A
1ek6_B,1lrk_A
1ek6_A,4twr_A
1ek6_B,4twr_A
1ek6_B,1lrl_A
1ek6_B,3enk_B
1xel_A,1ek5_A
2udp_B,1ek5_A
2udp_A,1lrk_A
2udp_A,1ek5_A
1ek6_B,1i3l_A
1ek6_B,1i3n_B
1ek6_B,1i3n_A
1hzj_A,1ek5_A
1hzj_B,1ek5_A
1hzj_B,1i3k_B
1hzj_B,1i3k_A
1ek5_A,1i3k_A
1ek5_A,1i3k_B
1hzj_B,1i3n_B
1hzj_B,1i3n_A
1ek5_A,1i3n_A
1ek5_A,1i3n_B
1hzj_A,1hzj_B
1ek5_A,1i3l_A
1ek6_B,1i3l_B
1ek6_B,1i3k_A
1ek6_A,1hzj_B
1ek6_A,1ek6_B
1ek6_B,1i3k_B
1ek6_B,1i3m_A
1ek6_B,1hzj_A
1ek6_B,1hzj_B
1ek5_A,1ek6_B
1ek5_A,1ek6_A
1xel_A,5gy7_A
2gna_A,2gn4_B
1i3l_B,1ek5_A
1i3m_A,1hzj_B
3enk_A,1ek5_A
1i3m_A,1ek5_A
3enk_B,1ek5_A
2o3j_A,2o3j_B
3itk_F,3itk_A
2q3e_A,2q3e_E
2q3e_B,2qg4_A
2qg4_F,2qg4_G
2q3e_A,3khu_A
2q3e_A,3tf5_A
3itk_A,3itk_E
2q3e_A,4qej_A
2q3e_A,3itk_A
2q3e_A,2o3j_A
2q3e_A,2qg4_A
5ze7_B,5zes_A
2b69_A,4gll_A
1naw_A,1naw_B
1naw_B,1uae_
4neq_A,4nes_A
3beo_A,1f6d_A
3beo_A,1o6c_A
1vgv_B,1vgv_D
3beo_A,1vgv_A
1ejd_A,1uae_A
1ejd_A,1a2n_
1ejd_A,1q3g_A
1ejd_A,1uae_
1ejd_B,1uae_
1ejd_B,1q3g_A
1ejd_B,1ejd_A
1nlm_A,1f0k_B
1f0k_A,3s2u_A
1fwy_B,1fxj_A
1fwy_A,1fwy_B
1fwy_B,1fxj_B
1p3d_A,1gqq_B
1gqq_A,1p3d_A
1p3d_A,2f00_A
2x5o_A,1e0d_A
4uag_A,1e0d_A
1eeh_A,4uag_A
1e0d_A,1uag_
1eeh_A,2uag_A
1e0d_A,2uuo_A
1eeh_A,2jff_A
1eeh_A,1uag_
1e0d_A,2wjp_A
1eeh_A,1e0d_A
1eeh_A,2vte_A
1e0d_A,2xpc_A
1e0d_A,1uag_A
3ogz_A,3oh0_A
3ogz_A,3oh2_A
1tev_A,2ukd_A
1tev_A,3ukd_A
3hvp_A,4hvp_A
4x7m_A,4x7p_A
4x7p_A,4x7m_B
4x7p_A,4x7r_B
4x7p_A,4x6l_A
4xe8_A,4xe7_A
2jjq_A,2vs1_A
2bkh_A,2v26_A
6c1g_P,6c1d_P
4l79_A,4byf_A
6c1d_P,6c1h_P
7pm5_A,7plt_A
7pm0_A,7pm9_A
7plu_A,1w7j_A
4pfo_A,2bkh_A
2d2r_A,2dtn_B
1x09_A,1jp3_B
3cfx_A,3k6u_A
3k6u_A,3k6w_A
1akz_,1ssp_E
1ssp_E,1akz_A
1flz_A,1eui_A
5xls_A,3qe7_A
1g6w_D,1k0b_C
4ubp_C,3ubp_C
2j4j_A,2j4l_A
2bnd_A,2bnd_B
2bne_A,2bne_B
2bnf_A,2bnf_B
2bnd_A,2bne_B
2j4j_A,2j4k_B
2j4j_A,2j4k_C
2j4j_B,2j4k_C
1wd7_B,1wcw_A
2oeg_A,2oef_A
3uf1_A,3uf1_B
3swk_A,3uf1_A
3swk_A,3swk_B
3swk_A,3uf1_B
3swk_B,3uf1_A
3swk_B,3uf1_B
3uf1_C,3uf1_D
1nly_A,1nlz_F
1nlz_E,1opx_A
1nlz_D,1opx_A
1nly_B,1nlz_B
1nlz_E,1nly_A
1nlz_F,1opx_A
1nlz_C,1opx_A
1nlz_C,1nly_A
1nly_A,1nlz_A
1nly_A,1nlz_B
1n2z_A,5ovw_A
1n2z_A,2qi9_F
1n2z_A,4fi3_F
1kxp_D,1kw2_B
3a50_C,3a4g_A
3a4z_C,3a4g_A
3a4z_E,3a4g_A
3a4z_A,3a4g_A
3a51_D,3a4g_A
3a4z_C,3a4h_A
3a4z_A,3a4h_A
3a51_C,3a4h_A
3a51_B,3a4h_A
3a50_D,3a4h_A
3a50_D,3a4g_A
3a4h_A,3a4z_D
3a51_B,3a4g_A
3a4z_B,3a4h_A
3a4g_A,3a4z_D
3a4g_A,3a51_A
3a4z_E,3a4h_A
3a50_A,3a4g_A
3a50_B,3a4g_A
3a50_E,3a4h_A
3a50_E,3a4g_A
3a51_A,3a4h_A
3a51_C,3a4g_A
3a50_B,3a4h_A
3a50_C,3a4h_A
3a51_E,3a4g_A
3a51_E,3a4h_A
3a4z_B,3a4g_A
3vr6_A,3vr6_B
5k1a_B,5k1a_H
5k1a_H,5k1a_F
5k1a_B,5k1a_D
1y0b_A,2fxv_A
2bhn_A,2bgw_A
1xnb_A,2b42_B
1jez_B,1k8c_A
2yhx_,1hkg_
1fuu_A,3eiq_C
1fuu_B,2zu6_A
1fuu_B,2vsx_A
1tt7_A,1o89_A
1zag_A,3es6_A
1t7z_A,1zag_A
1t7z_A,3es6_A
2icn_A,1t7v_A
2icn_A,1t7w_A
2icn_A,1t7x_A
2icn_A,1zag_A
2icn_A,2bck_A
3amj_A,3amj_C
